Estimate,Guessed Class,True Class,Text
,,,"RT @2getaticket: WIN!! #GRAVITY the movie. #OSCAR DVD GIVEAWAY. Follow @2getaticket RETWEET, Like &Share on. http://t.co/1xoqMio3cC http://‚Ä¶"
,,,The movie gravity was honestly terrible.
,,,"RT @2getaticket: #WIN!! #GRAVITY the movie in our #DVD GIVEAWAY. Follow @2getaticket & @Markmeets RETWEET, Like&Share on http://t.co/1xoqMi‚Ä¶"
,,,"RT @2getaticket: #WIN!! #GRAVITY the movie in our #DVD GIVEAWAY. Follow @2getaticket. RETWEET, Like & Share on http://t.co/1xoqMio3cC"
,,,"#WIN!! #GRAVITY the movie #DVD GIVEAWAY. Follow @2getaticket & @markmeets RT, Like &Share on. http://t.co/w1L5o1Cqqa http://t.co/I1DSh8LL77"
,,,"RT @2getaticket: #WIN!! #GRAVITY the movie #DVD GIVEAWAY. Follow @2getaticket & @markmeets RT, Like &Share on. http://t.co/1xoqMio3cC http:‚Ä¶"
,,,"""Gorgeous Unused Gravity Posters Almost Represent The Movie TOO Well"" http://t.co/BxkzbXgGAJ"
,,,RT @BScenex: On the set of the new movie Gravity . http://t.co/zUYYlVem6s
,,,Gorgeous Unused Gravity Posters Almost Represent The Movie TOO Well http://t.co/G2dTyCJZXG
,,,@_callmeNi Watch the movie Gravity I bet you change your mind. Lol
,,,"RT @B5sNadiaBuari: Soo in‚ô• wiv d movie""GRAVITY.Its d most stunnin visual treat of d yr & 1 of d mst un4getable thrill rides in recent memor‚Ä¶"
,,,@NightShiftMD: I cried watching the movie Gravity. I kept thinking of the wonderful book Miracle in the Andes by Nando Parrado. Same story
,,,Gravity.. The most stressful movie ever made. Thank god I don't know any astronauts #gravity
,,,"RT @B5sNadiaBuari: Soo in‚ô• wiv d movie""GRAVITY.Its d most stunnin visual treat of d yr & 1 of d mst un4getable thrill rides in recent memor‚Ä¶"
,,,Yaay! #gravity #movie #tv #3D http://t.co/d5SCfzVVZz;
,,,"RT @2getaticket: #WIN!! #GRAVITY the movie #DVD GIVEAWAY. Follow @2getaticket & @markmeets RT, Like &Share on. http://t.co/fk0h7pKYAF"
,,,Finally getting to watch this. #gravity #movie #oscars #sandrabullock #georgeclooney http://t.co/i5ar7ikHOR
,,,"Lol gravity has no bffs ""@T_Sello: LOL RT @Lemii_On: Kunzima :""""D ""@Kevin_T_klein: Let me watch a movie http://t.co/sOS33bLgVb"""
,,,Yaay! #gravity #movie #tv #3D http://t.co/5xvBkHV62d
,,,"""The space station... Where is it? What is it? Where is it? I don't get it!"" @DedeWah64 asking @peppermint65 about the movie Gravity"
,,,RT @ClaireEmeryUK: These unused #posters for #Gravity #movie are beautiful and terrifying http://t.co/HGFYyLgRiX #space #scary
,,,Technologies for Hyperrealism visuals (as in the movie GRAVITY) are in their infancy #ContactConference
,,,These unused #posters for #Gravity #movie are beautiful and terrifying http://t.co/HGFYyLgRiX #space #scary
,,,RT @BScenex: On the set of the new movie Gravity . http://t.co/zUYYlVem6s
,,,Gorgeous Unused Gravity Posters Almost Represent The Movie TOO Well - These are awesome‚Ä¶ Alfonso Cuaron‚Äôs... http://t.co/jRCMsQD5t3
,,,"WIN!! #GRAVITY the movie. #OSCAR DVD GIVEAWAY. Follow @2getaticket RETWEET, Like &Share on. http://t.co/lVCZwnYydW http://t.co/zTH6Umzht6"
,,,@ErinAine @AlexPaulDavid mind blowing movie night option #Gravity #3d #movie http://t.co/obhbL5aWcW
,,,I feel like I'm missing out of life just because of the simple fact that I've never seen the movie 'Gravity'
,,,Gravity is an AMAZING movie.
,,,RT @io9: Gorgeous Unused Gravity Posters Almost Represent The Movie TOO Well http://t.co/xtON6kHqxv http://t.co/Lv8ec2zCOb
,,,"RT @2getaticket: #WIN!! #GRAVITY the movie #DVD GIVEAWAY. Follow @2getaticket & @markmeets RT, Like &Share on. http://t.co/1xoqMio3cC http:‚Ä¶"
,,,"RT @2getaticket: #WIN!! #GRAVITY the movie #DVD GIVEAWAY. Follow @2getaticket & @markmeets RT, Like &Share on. http://t.co/1xoqMio3cC http:‚Ä¶"
,,,"hehe i liked it tho RT @arkuna_matata: ""Am sure u wasted ur time watching it @Ji_Baller: ..and by the way...the movie called Gravity tho"
,,,"I don't get the movie Gravity and how it won so many awards, it looks like someone spinning around in space for 2 hours."
,,,RT @MarkMeets: New Competition! WIN #GRAVITY the movie on DVD. Follow @2getaticket & @Markmeets + RETWEET. Like & Share http://t.co/fyCaoXX‚Ä¶
,,,the movie gravity is so stressful
,,,Received Carrie the movie from 1976 starring Sissy Spacek today as well as Gravity featuring Sandra Bullock!! Really stoked to watch them üòäüé¨
,,,RT @shaktuk: Gorgeous Unused Gravity Posters Almost Represent The Movie TOO Well http://t.co/WngK3sCGAV
,,,@Bambi118 @ceris83 what's the movie of choice tomorrow... #Gravity? #HumanCentipede? Randomonious.
,,,Gorgeous Unused Gravity Posters Almost Represent The Movie TOO Well http://t.co/WngK3sCGAV
,,,"""Am sure u wasted ur time watching it @Ji_Baller: ..and by the way...the movie called Gravity though..."""
,,,#Gravity Great movie
,,,"RT @2getaticket: #WIN!! #GRAVITY the movie in our #DVD GIVEAWAY. Follow @2getaticket. RETWEET, Like & Share on http://t.co/1xoqMio3cC"
,,,"Rt @2getaticket: #WIN!! #GRAVITY the movie in our #DVD GIVEAWAY. Follow @2getaticket.RETWEET, Like & Share on http://t.co/7AjeVx5FZh"
,,,"RT @2getaticket: #WIN!! #GRAVITY the movie in our #DVD GIVEAWAY. Follow @2getaticket.RETWEET, Like & Share on http://t.co/1xoqMio3cC"
,,,..and by the way...the movie called Gravity though...
,,,Gravity movie is sooo bad!!
,,,"Okay, Gravity is a brilliant movie."
,,,"@PamBahia1 Lets hope she's not half Chitauri ha ha. As you're into this, I'm interested to know what you thought of 'Gravity' movie?"
,,,"RT @2getaticket: #WIN!! #GRAVITY the movie #DVD GIVEAWAY. Follow @2getaticket & @markmeets RT, Like &Share on. http://t.co/1xoqMio3cC http:‚Ä¶"
,,,"RT @2getaticket: #WIN!! #GRAVITY the movie #DVD GIVEAWAY. Follow @2getaticket & @markmeets RT, Like &Share on. http://t.co/1xoqMio3cC http:‚Ä¶"
,,,Gravity is an phenomenal movie! I would have passed out the first time I went slinging in space.
,,,"RT @2getaticket: #WIN!! #GRAVITY the movie #DVD GIVEAWAY. Follow @2getaticket & @markmeets RT, Like &Share on. http://t.co/1xoqMio3cC http:‚Ä¶"
,,,Gravity is not the greatest movie to watch in flight
,,,I can't get on board with a movie having two actors. #Gravity #trustissues
,,,Astronaut Watches 'Gravity' for Space Tips http://t.co/KPDjH4p6Em #science
,,,@GamithUK @imaybeacat @reldnahcire That is a busy day - house hunting is tough. Haven't seen Gravity - Hope it's a good movie to unwind with
,,,"RT @2getaticket: #WIN!! #GRAVITY the movie in our #DVD GIVEAWAY. Follow @2getaticket.RETWEET, Like & Share on http://t.co/1xoqMio3cC"
,,,"‚Äú@2getaticket: #WIN!! #GRAVITY the movie in our #DVD GIVEAWAY. Follow @2getaticket.RETWEET, Like & Share on http://t.co/VXK3bBlcGO"
,,,"RT @2getaticket: #WIN!! #GRAVITY the movie in our #DVD GIVEAWAY. Follow @2getaticket. RETWEET, Like & Share on http://t.co/1xoqMio3cC"
,,,"‚Äú@2getaticket: #WIN!! #GRAVITY the movie in our #DVD GIVEAWAY. Follow @2getaticket. RETWEET, Like & Share on http://t.co/VXK3bBlcGO‚Äù"
,,,Friday night movie wouldn't be right without #popcorn #gravity http://t.co/rqjvCWIa9n
,,,Which movie is best: 12 Years a slave The Monument Men Gravity Opinions please.
,,,"RT @2getaticket: WIN!! #GRAVITY the movie. #OSCAR DVD GIVEAWAY. Follow @2getaticket RETWEET, Like & Share on. http://t.co/1xoqMio3cC"
,,,Friday night movie wouldn't be right with #popcorn #gravity http://t.co/VD9TQWGQvE
,,,"I just watched Gravity, amazing movie!"
,,,The Purge and Gravity movie night with the grandparents has been fun ‚ò∫Ô∏è
,,,RT @BScenex: On the set of the new movie Gravity . http://t.co/zUYYlVem6s
,,,Movie Night!! Choose one: Dallas Buyer's Club with home girl Jennifer Garner or Gravity?
,,,Gorgeous Unused Gravity Posters Almost Represent The Movie TOO Well http://t.co/orwUTgOkg7
,,,RT @BScenex: On the set of the new movie Gravity . http://t.co/zUYYlVem6s
,,,RT @TrentonJason: Gorgeous Unused Gravity Posters Almost Represent The Movie TOO Well http://t.co/rl8U5bWWMh - http://t.co/TtFRasEkZQ
,,,Every time I rewatch The Desolation of Smaug I ask myself: how the fuck did Gravity win best visual effects over this movie?
,,,"RT @2getaticket: #WIN!! #GRAVITY the movie #DVD GIVEAWAY. Follow @2getaticket & @markmeets RT, Like &Share on. http://t.co/1xoqMio3cC http:‚Ä¶"
,,,"Omg what a movie ""gravity"""
,,,"RT @vigolibrary: Join us for a Watch This! movie showing of the award-winning film Gravity! Monday, March 24 http://t.co/DbXo99P092"
,,,"Gorgeous Unused Gravity Posters Almost Represent The Movie TOO Well http://t.co/9SVjnh6F9M <-Boy, this artwork is good"
,,,"RT @2getaticket: #WIN!! #GRAVITY the movie in our #DVD GIVEAWAY. Follow @2getaticket.RETWEET, Like & Share on http://t.co/1xoqMio3cC"
,,,"RT @2getaticket: #WIN!! #GRAVITY the movie #DVD GIVEAWAY. Follow @2getaticket & @markmeets RT, Like &Share on. http://t.co/1xoqMio3cC http:‚Ä¶"
,,,"RT @2getaticket: #WIN!! #GRAVITY the movie #DVD GIVEAWAY. Follow @2getaticket & @markmeets RT, Like &Share on. http://t.co/1xoqMio3cC http:‚Ä¶"
,,,Gravity is the best movie I've seen in a long time.
,,,"RT @2getaticket: WIN!! #GRAVITY the movie. #OSCAR DVD GIVEAWAY. Follow @2getaticket RETWEET, Like & Share on. http://t.co/1xoqMio3cC"
,,,"RT @2getaticket: #WIN!! #GRAVITY the movie in our #DVD GIVEAWAY. Follow @2getaticket. RETWEET, Like & Share on http://t.co/1xoqMio3cC"
,,,"RT @2getaticket: #WIN!! #GRAVITY the movie #DVD GIVEAWAY. Follow @2getaticket & @markmeets RT, Like &Share on. http://t.co/1xoqMio3cC http:‚Ä¶"
,,,I'm giving away: 11x17 Gravity Movie Poster. Check it out - http://t.co/kFGJcBg0LO #listia
,,,RT @BScenex: On the set of the new movie Gravity . http://t.co/zUYYlVem6s
,,,RT @BScenex: On the set of the new movie Gravity . http://t.co/zUYYlVem6s
,,,"RT @2getaticket: #WIN!! #GRAVITY the movie #DVD GIVEAWAY. Follow @2getaticket & @markmeets RT, Like &Share on. http://t.co/1xoqMio3cC http:‚Ä¶"
,,,I won't buy Gravity for my home until I can buy a movie theater for my home
,,,Gravity.such a stressful tense awesome movieüöÄüòÅüëçüëèüëèüëèüëèüëè
,,,"If you didn't like the movie Gravity, just listen to the soundtrack"
,,,What's been happening to me the past 3 weeks can be turned into a movie that will win oscars more than gravity
,,,Gravity - awesome movie.
,,,"RT @2getaticket: #WIN!! #GRAVITY the movie in our #DVD GIVEAWAY. Follow @2getaticket.RETWEET, Like & Share on http://t.co/1xoqMio3cC"
,,,"Gaaf gemaakt, Gorgeous Unused #Gravity #Posters Almost Represent The Movie TOO Well #design http://t.co/fPkWlLQnJH"
,,,RT @BScenex: On the set of the new movie Gravity . http://t.co/zUYYlVem6s
,,,Now that I've seen #Gravity I can confidently back up my initial opinion of the movie 100%. A piece of self-indulgent waste of $
,,,"RT @2getaticket: #WIN!! #GRAVITY the movie #DVD GIVEAWAY. Follow @2getaticket & @markmeets RT, Like &Share on. http://t.co/1xoqMio3cC http:‚Ä¶"
,,,"gravity movie ! Stressfull, funny and beautiful http://t.co/CAdQdJKwtX"
,,,"RT @maxrudberg: ""Gorgeous Unused Gravity Posters Almost Represent The Movie TOO Well"" http://t.co/iFJUGFBUPj"
,,,"""Gorgeous Unused Gravity Posters Almost Represent The Movie TOO Well"" http://t.co/iFJUGFBUPj"
,,,RT @BScenex: On the set of the new movie Gravity . http://t.co/zUYYlVem6s
,,,Movie time! I'm watching #Gravity. Join the conversation on #tvtag http://t.co/c19a8yDCXm
,,,"RT @2getaticket: #WIN!! #GRAVITY the movie #DVD GIVEAWAY. Follow @2getaticket & @markmeets RT, Like &Share on. http://t.co/1xoqMio3cC http:‚Ä¶"
,,,Gravity was such an average movie
,,,Is GRAVITY a movie to watch while I destroy a curry or is it a movie to watch over a small glass of wine? Do offer other food matching tips.
,,,"Watch: An Hour-Long Conversation with Alfonso Cuaron, Plus: See Some Amazing Unused 'Gravity' Posters http://t.co/OTxLjPcWrQ"
,,,Movie time! I'm watching #Gravity. Join the conversation on #tvtag http://t.co/6HCbHWSHTf
,,,"RT @2getaticket: WIN!! #GRAVITY the movie. #OSCAR DVD GIVEAWAY. Follow @2getaticket RETWEET, Like & Share on. http://t.co/1xoqMio3cC"
,,,RT @TrentonJason: Gorgeous Unused Gravity Posters Almost Represent The Movie TOO Well http://t.co/rl8U5bWWMh - http://t.co/TtFRasEkZQ
,,,"Gravity better have been amazing to beat out American Hustle, because American Hustle is the best movie I've seen in the past year."
,,,RT @BScenex: On the set of the new movie Gravity . http://t.co/zUYYlVem6s
,,,"WIN!! #GRAVITY the movie. #OSCAR DVD GIVEAWAY. Follow @2getaticket RETWEET, Like &Share on. http://t.co/CXqVJuntgV http://t.co/NBFUv5BOOL"
,,,RT @BScenex: On the set of the new movie Gravity . http://t.co/zUYYlVem6s
,,,RT @BScenex: On the set of the new movie Gravity . http://t.co/zUYYlVem6s
,,,RT @BScenex: On the set of the new movie Gravity . http://t.co/zUYYlVem6s
,,,RT @BScenex: On the set of the new movie Gravity . http://t.co/zUYYlVem6s
,,,So cool dying. Gorgeous Unused Gravity Posters Almost Represent The Movie TOO Well http://t.co/YGGb1cc0Jn
,,,RT @BScenex: On the set of the new movie Gravity . http://t.co/zUYYlVem6s
,,,On the set of the new movie Gravity . http://t.co/zUYYlVem6s
,,,Nice! They're showing the movie #Gravity here at #Honda while I get my oil changed.
,,,Gravity is a very powerful movie.. #gravity
,,,"RT @2getaticket: #WIN!! #GRAVITY the movie #DVD GIVEAWAY. Follow @2getaticket & @markmeets RT, Like &Share on. http://t.co/1xoqMio3cC http:‚Ä¶"
,,,RT @marcfennell: The GRAVITY movie posters deemed too terrifying. http://t.co/I6bhDJIkPG
,,,"Shoot for the stars. Even if you miss you can still re-enact the movie ""Gravity"""
,,,#LiveFromSpace My question is... How beautiful is space..? Plus the movie Gravity just sucked.
,,,When I first watched this movie I thought she was gonna end up in some planet & encounter aliens #Gravity
,,,"RT @2getaticket: #WIN!! #GRAVITY the movie #DVD GIVEAWAY. Follow @2getaticket & @markmeets RT, Like &Share on. http://t.co/1xoqMio3cC http:‚Ä¶"
,,,The movie Gravity has to be one of the best movies of all time
,,,"RT @2getaticket: #WIN!! #GRAVITY the movie #DVD GIVEAWAY. Follow @2getaticket & @markmeets RT, Like &Share on. http://t.co/1xoqMio3cC http:‚Ä¶"
,,,"RT: WIN!! #GRAVITY the movie. #OSCAR DVD GIVEAWAY. Follow @2getaticket RETWEET, Like &Share on. http://t.co/yCMiDNEPUG"
,,,AFROS coulda shoulda woulda saved the day io9 Gorgeous Unused Gravity Posters Almost Represent The Movie TOO Well http://t.co/tTvLPqyxl8
,,,"RT @2getaticket: #WIN!! #GRAVITY the movie #DVD GIVEAWAY. Follow @2getaticket & @markmeets RT, Like &Share on. http://t.co/1xoqMio3cC http:‚Ä¶"
,,,Watching Gravity. Still get chills watching the opening take and still in awe of how incredible this movie is. Cuaron deserves that Oscar.
,,,"RT @2getaticket: #WIN!! #GRAVITY the movie #DVD GIVEAWAY. Follow @2getaticket & @markmeets RT, Like &Share on. http://t.co/1xoqMio3cC http:‚Ä¶"
,,,Gorgeous Unused Gravity Posters Almost Represent The Movie TOO Well http://t.co/00BCXTaMTk
,,,That moment when you wanna see The Lego Movie but your 13 year old brother wants Gravity instead #kidsthesedays
,,,"RT @2getaticket: #WIN!! #GRAVITY the movie #DVD GIVEAWAY. Follow @2getaticket & @markmeets RT, Like &Share on. http://t.co/1xoqMio3cC http:‚Ä¶"
,,,"RT @2getaticket: WIN!! #GRAVITY the movie. #OSCAR DVD GIVEAWAY. Follow @2getaticket RETWEET, Like &Share on. http://t.co/1xoqMio3cC http://‚Ä¶"
,,,Movie night: Gravity!!!!
,,,Gravity worst movie ever!
,,,#movie See Awesome Early Designs for Unused Official Posters for 'Gravity': Though the mind-blow... http://t.co/9JohPeYeSI #ballychohan
,,,RT @io9: Gorgeous Unused Gravity Posters Almost Represent The Movie TOO Well http://t.co/xtON6kHqxv http://t.co/Lv8ec2zCOb
,,,RT @io9: Gorgeous Unused Gravity Posters Almost Represent The Movie TOO Well http://t.co/CatFdR4jhr
,,,Movie entertainment:: Gravity shift - Subscribe here: Follow Vine Master on... http://t.co/JNBFKfzxDU
,,,RT @MarkMeets: New Competition! WIN #GRAVITY the movie on DVD. Follow @2getaticket & @Markmeets + RETWEET. Like & Share http://t.co/fyCaoXX‚Ä¶
,,,Gravity is one scary movie
,,,Gorgeous Unused Gravity Posters Almost Represent The Movie TOO Well - http://t.co/DNZelGi3ki
,,,Gorgeous Unused Gravity Posters Almost Represent The Movie TOO Well http://t.co/smvMGaxNU7
,,,RT @MarkMeets: New Competition! WIN #GRAVITY the movie on DVD. Follow @2getaticket & @Markmeets + RETWEET. Like & Share http://t.co/fyCaoXX‚Ä¶
,,,"RT @2getaticket: #WIN!! #GRAVITY the movie #DVD GIVEAWAY. Follow @2getaticket & @markmeets RT, Like &Share on. http://t.co/1xoqMio3cC http:‚Ä¶"
,,,Gorgeous Unused Gravity Posters Almost Represent The Movie TOO Well http://t.co/0Yc7UimDXe
,,,"Sandra Bullock made $769,000 for every minute of the movie ""Gravity"" | http://t.co/WP0i5DtJIP http://t.co/McFPVKdjjt"
,,,Movie night #gravity
,,,"RT @bigxghdotcom: Sandra Bullock made $769,000 for every minute of the movie ""Gravity"" | http://t.co/8csKGqxVih http://t.co/E3krngKsnt"
,,,"RT @2getaticket: WIN!! #GRAVITY the movie. #OSCAR DVD GIVEAWAY. Follow @2getaticket RETWEET, Like &Share on. http://t.co/9VOQPM6orZ"
,,,"RT @2getaticket: #WIN!! #GRAVITY the movie #DVD GIVEAWAY. Follow @2getaticket & @markmeets RT, Like &Share on. http://t.co/1xoqMio3cC http:‚Ä¶"
,,,"RT @bigxghdotcom: Sandra Bullock made $769,000 for every minute of the movie ""Gravity"" | http://t.co/8csKGqxVih http://t.co/E3krngKsnt"
,,,"RT @bigxghdotcom: Sandra Bullock made $769,000 for every minute of the movie ""Gravity"" | http://t.co/8csKGqxVih http://t.co/E3krngKsnt"
,,,"Sandra Bullock made $769,000 for every minute of the movie ""Gravity"" | http://t.co/QiB0c2xylN http://t.co/EXZbsp9bkw"
,,,"Sandra Bullock made $769,000 for every minute of the movie ""Gravity"" | http://t.co/8csKGqxVih http://t.co/E3krngKsnt"
,,,"RT @2getaticket: #WIN!! #GRAVITY the movie #DVD GIVEAWAY. Follow @2getaticket & @markmeets RT, Like &Share on. http://t.co/1xoqMio3cC http:‚Ä¶"
,,,"RT @2getaticket: #WIN!! #GRAVITY the movie #DVD GIVEAWAY. Follow @2getaticket & @markmeets RT, Like &Share on. http://t.co/1xoqMio3cC http:‚Ä¶"
,,,"RT @2getaticket: #WIN!! #GRAVITY the movie #DVD GIVEAWAY. Follow @2getaticket & @markmeets RT, Like &Share on. http://t.co/1xoqMio3cC http:‚Ä¶"
,,,"RT @2getaticket: #WIN!! #GRAVITY the movie #DVD GIVEAWAY. Follow @2getaticket & @markmeets RT, Like &Share on. http://t.co/1xoqMio3cC http:‚Ä¶"
,,,#Gravity nooow.... Amazing movie
,,,"RT @2getaticket: #WIN!! #GRAVITY the movie #DVD GIVEAWAY. Follow @2getaticket & @markmeets RT, Like &Share on. http://t.co/1xoqMio3cC http:‚Ä¶"
,,,Gorgeous Unused Gravity Posters Almost Represent The Movie TOO Well http://t.co/ZnmPSHcOl4
,,,"RT @2getaticket: #WIN!! #GRAVITY the movie #DVD GIVEAWAY. Follow @2getaticket & @markmeets RT, Like &Share on. http://t.co/1xoqMio3cC http:‚Ä¶"
,,,"RT @2getaticket: #WIN!! #GRAVITY the movie #DVD GIVEAWAY. Follow @2getaticket & @markmeets RT, Like &Share on. http://t.co/1xoqMio3cC http:‚Ä¶"
,,,"RT @2getaticket: #WIN!! #GRAVITY the movie #DVD GIVEAWAY. Follow @2getaticket & @markmeets RT, Like &Share on. http://t.co/1xoqMio3cC http:‚Ä¶"
,,,"RT @2getaticket: #WIN!! #GRAVITY the movie #DVD GIVEAWAY. Follow @2getaticket & @markmeets RT, Like &Share on. http://t.co/1xoqMio3cC http:‚Ä¶"
,,,"RT @2getaticket: #WIN!! #GRAVITY the movie #DVD GIVEAWAY. Follow @2getaticket & @markmeets RT, Like &Share on. http://t.co/1xoqMio3cC http:‚Ä¶"
,,,"RT @2getaticket: #WIN!! #GRAVITY the movie #DVD GIVEAWAY. Follow @2getaticket & @markmeets RT, Like &Share on. http://t.co/1xoqMio3cC http:‚Ä¶"
,,,"RT @2getaticket: #WIN!! #GRAVITY the movie #DVD GIVEAWAY. Follow @2getaticket & @markmeets RT, Like &Share on. http://t.co/1xoqMio3cC http:‚Ä¶"
,,,"RT @2getaticket: #WIN!! #GRAVITY the movie #DVD GIVEAWAY. Follow @2getaticket & @markmeets RT, Like &Share on. http://t.co/1xoqMio3cC http:‚Ä¶"
,,,"RT @2getaticket: #WIN!! #GRAVITY the movie #DVD GIVEAWAY. Follow @2getaticket & @markmeets RT, Like &Share on. http://t.co/1xoqMio3cC http:‚Ä¶"
,,,"RT @2getaticket: #WIN!! #GRAVITY the movie #DVD GIVEAWAY. Follow @2getaticket & @markmeets RT, Like &Share on. http://t.co/1xoqMio3cC http:‚Ä¶"
,,,"RT @2getaticket: #WIN!! #GRAVITY the movie #DVD GIVEAWAY. Follow @2getaticket & @markmeets RT, Like &Share on. http://t.co/1xoqMio3cC http:‚Ä¶"
,,,"RT @2getaticket: #WIN!! #GRAVITY the movie #DVD GIVEAWAY. Follow @2getaticket & @markmeets RT, Like &Share on. http://t.co/1xoqMio3cC http:‚Ä¶"
,,,"RT @2getaticket: #WIN!! #GRAVITY the movie #DVD GIVEAWAY. Follow @2getaticket & @markmeets RT, Like &Share on. http://t.co/1xoqMio3cC http:‚Ä¶"
,,,Amazing. Gorgeous Unused Gravity Posters Almost Represent The Movie TOO Well http://t.co/hZWCXKvRk9
,,,"RT @2getaticket: #WIN!! #GRAVITY the movie #DVD GIVEAWAY. Follow @2getaticket & @markmeets RT, Like &Share on. http://t.co/1xoqMio3cC http:‚Ä¶"
,,,"RT @2getaticket: #WIN!! #GRAVITY the movie #DVD GIVEAWAY. Follow @2getaticket & @markmeets RT, Like &Share on. http://t.co/1xoqMio3cC http:‚Ä¶"
,,,"RT @2getaticket: #WIN!! #GRAVITY the movie #DVD GIVEAWAY. Follow @2getaticket & @markmeets RT, Like &Share on. http://t.co/1xoqMio3cC http:‚Ä¶"
,,,Gravity is a crazyass movie
,,,"I had high expectations for the movie gravity, but it sucked"
,,,"RT @2getaticket: #WIN!! #GRAVITY the movie #DVD GIVEAWAY. Follow @2getaticket & @markmeets RT, Like &Share on. http://t.co/1xoqMio3cC http:‚Ä¶"
,,,"RT @2getaticket: #WIN!! #GRAVITY the movie #DVD GIVEAWAY. Follow @2getaticket & @markmeets RT, Like &Share on. http://t.co/1xoqMio3cC http:‚Ä¶"
,,,Gorgeous Unused Gravity Posters Almost Represent The Movie TOO Well http://t.co/81aFmA74fn
,,,RT @io9: Gorgeous Unused Gravity Posters Almost Represent The Movie TOO Well http://t.co/MVcdpU7poE
,,,"Gravity 3D: physics impossibilities aside, great movie with amazing cinematography. 7.5 / 10"
,,,GRAVITY its a nice movie ‚ò∫ 8/10
,,,"RT @2getaticket: #WIN!! #GRAVITY the movie #DVD GIVEAWAY. Follow @2getaticket & @markmeets RT, Like &Share on. http://t.co/1xoqMio3cC http:‚Ä¶"
,,,"RT @2getaticket: #WIN!! #GRAVITY the movie #DVD GIVEAWAY. Follow @2getaticket & @markmeets RT, Like &Share on. http://t.co/1xoqMio3cC http:‚Ä¶"
,,,Gorgeous Unused Gravity Posters Almost Represent The Movie TOO Well http://t.co/JWZFkaROu1
,,,"RT @2getaticket: #WIN!! #GRAVITY the movie #DVD GIVEAWAY. Follow @2getaticket & @markmeets RT, Like &Share on. http://t.co/1xoqMio3cC http:‚Ä¶"
,,,"RT @2getaticket: #WIN!! #GRAVITY the movie #DVD GIVEAWAY. Follow @2getaticket & @markmeets RT, Like &Share on. http://t.co/1xoqMio3cC http:‚Ä¶"
,,,"RT @2getaticket: #WIN!! #GRAVITY the movie #DVD GIVEAWAY. Follow @2getaticket & @markmeets RT, Like &Share on. http://t.co/1xoqMio3cC http:‚Ä¶"
,,,So touched by the movie #Gravity. Two astronauts are stranded in space when debris from a satellite destroys all their means communication
,,,"After re-watching #Gravity in 3d, I still have to say it is my favorite movie from 2013, naysayers be damned :)"
,,,"RT @2getaticket: #WIN!! #GRAVITY the movie #DVD GIVEAWAY. Follow @2getaticket & @markmeets RT, Like &Share on. http://t.co/1xoqMio3cC http:‚Ä¶"
,,,"#WIN!! #GRAVITY the movie #DVD GIVEAWAY. Follow @2getaticket & @markmeets RT, Like &Share on. http://t.co/VXK3bBlcGO http://t.co/O2OEbLjG3h"
,,,RT @MarkMeets: New Competition! WIN #GRAVITY the movie on DVD. Follow @2getaticket & @Markmeets + RETWEET. Like & Share http://t.co/fyCaoXX‚Ä¶
,,,RT @MarkMeets: New Competition! WIN #GRAVITY the movie on DVD. Follow @2getaticket & @Markmeets + RETWEET. Like & Share http://t.co/fyCaoXX‚Ä¶
,,,"""The excitement that we have is pretty similar to what you see in the movie (Gravity)."" #MC1313F"
,,,Life is not as exciting up here as the movie Gravity @Astro_Wakata @NASA #MC1313F
,,,"@Astro_Wakata - ""Gravity was an exciting movie but it's not that exciting up here."" #MC1313F"
,,,"#FF I want to say that I hate Gravity... Not the movie, but the law that keeps my hat from flying off every time I think of @Cay_JEN"
,,,Gravity is an amazing movie!
,,,"RT @B5sNadiaBuari: Soo in‚ô• wiv d movie""GRAVITY.Its d most stunnin visual treat of d yr & 1 of d mst un4getable thrill rides in recent memor‚Ä¶"
,,,Finally got time for see this movie!!üé• #movie #gravity #zonvideoclube #oscars http://t.co/XJuj1fuL2W
,,,The entire movie Gravity on a 3d bookmark-note the astronaut http://t.co/uBjPAPv4vp
,,,"RT @B5sNadiaBuari: Soo in‚ô• wiv d movie""GRAVITY.Its d most stunnin visual treat of d yr & 1 of d mst un4getable thrill rides in recent memor‚Ä¶"
,,,"RT @B5sNadiaBuari: Soo in‚ô• wiv d movie""GRAVITY.Its d most stunnin visual treat of d yr & 1 of d mst un4getable thrill rides in recent memor‚Ä¶"
,,,"RT @B5sNadiaBuari: Soo in‚ô• wiv d movie""GRAVITY.Its d most stunnin visual treat of d yr & 1 of d mst un4getable thrill rides in recent memor‚Ä¶"
,,,"Soo in‚ô• wiv d movie""GRAVITY.Its d most stunnin visual treat of d yr & 1 of d mst un4getable thrill rides in recent memories.#CinematicWonder"
,,,Marvel HeroClix: Thor - The Dark World Movie 24 Ct. Gravity Feed http://t.co/HMnD1b0lhj
,,,‚Äú@mrjoshburr: I'm watching Gravity. I don't know if Sandra is gonna survive this shit y'all.‚Äù That movie gave me mad anxiety lmao
,,,Gorgeous Unused Gravity Posters Almost Represent The Movie TOO Well http://t.co/jj5v4Eopxz via @io9
,,,"#AvailableNews Watch: An Hour-Long Conversation with Alfonso Cuaron, Plus: See Some Amazing Unu... http://t.co/Qs2x5aIuWN #AvailableNews"
,,,"Watch: An Hour-Long Conversation with Alfonso Cuaron, Plus: See Some Amazing Unused 'Gravity' Posters http://t.co/NBFg9GFvtX"
,,,Gorgeous Unused Gravity Posters Almost Represent The Movie TOO Well http://t.co/4KcFFJzYjd
,,,"Gravity movie (Oscor award winning) watched tonight,amazing film"
,,,"JUST FINISHED GRAVITY, THAT MOVIE HAD ME ALL SORTS OF MESSED UP SMH"
,,,"Join us for a Watch This! movie showing of the award-winning film Gravity! Monday, March 24 http://t.co/DbXo99P092"
,,,œà((You Will be Able to)) Watch Gravity Full Movie Streaming Online Free ...: http://t.co/tlqjKmo1oS
,,,RT @MarkMeets: New Competition! WIN #GRAVITY the movie on DVD. Follow @2getaticket & @Markmeets + RETWEET. Like & Share http://t.co/fyCaoXX‚Ä¶
,,,RT @MarkMeets: New Competition! WIN #GRAVITY the movie on DVD. Follow @2getaticket & @Markmeets + RETWEET. Like & Share http://t.co/fyCaoXX‚Ä¶
,,,RT @MarkMeets: New Competition! WIN #GRAVITY the movie on DVD. Follow @2getaticket & @Markmeets + RETWEET. Like & Share http://t.co/fyCaoXX‚Ä¶
,,,"Movie night: ‚ÄúGravity‚Äù (Clooney, Bullock, drama) or ""The Family‚Äù (comedy, De Niro) or ‚ÄúWe steel secrets - Wikileaks‚Äù (docu). Any advice?"
,,,RT @MarkMeets: New Competition! WIN #GRAVITY the movie on DVD. Follow @2getaticket & @Markmeets + RETWEET. Like & Share http://t.co/fyCaoXX‚Ä¶
,,,RT @MarkMeets: New Competition! WIN #GRAVITY the movie on DVD. Follow @2getaticket & @Markmeets + RETWEET. Like & Share http://t.co/fyCaoXX‚Ä¶
,,,"RT @2getaticket: WIN!! #GRAVITY the movie. #OSCAR DVD GIVEAWAY. Follow @2getaticket RETWEET, Like &Share on. http://t.co/1xoqMio3cC http://‚Ä¶"
,,,"WIN!! #GRAVITY the movie. #OSCAR DVD GIVEAWAY. Follow @2getaticket RETWEET, Like &Share on. http://t.co/CXqVJuntgV http://t.co/NBFUv5BOOL"
,,,RT @MarkMeets: New Competition! WIN #GRAVITY the movie on DVD. Follow @2getaticket & @Markmeets + RETWEET. Like & Share http://t.co/fyCaoXX‚Ä¶
,,,That movie gravity is overrated the only got part was the special effects I guesssss
,,,"WIN!! #GRAVITY the movie. #OSCAR DVD GIVEAWAY. Follow @2getaticket RETWEET, Like &Share on. http://t.co/Iuz6ftVV9I http://t.co/TTXhioCmGC"
,,,RT @MarkMeets: New Competition! WIN #GRAVITY the movie on DVD. Follow @2getaticket & @Markmeets + RETWEET. Like & Share http://t.co/fyCaoXX‚Ä¶
,,,RT @MarkMeets: New Competition! WIN #GRAVITY the movie on DVD. Follow @2getaticket & @Markmeets + RETWEET. Like & Share http://t.co/fyCaoXX‚Ä¶
,,,RT @MarkMeets: New Competition! WIN #GRAVITY the movie on DVD. Follow @2getaticket & @Markmeets + RETWEET. Like & Share http://t.co/fyCaoXX‚Ä¶
,,,RT @MarkMeets: New Competition! WIN #GRAVITY the movie on DVD. Follow @2getaticket & @Markmeets + RETWEET. Like & Share http://t.co/fyCaoXX‚Ä¶
,,,RT @MarkMeets: New Competition! WIN #GRAVITY the movie on DVD. Follow @2getaticket & @Markmeets + RETWEET. Like & Share http://t.co/fyCaoXX‚Ä¶
,,,Hope you watched in 1080p ... indeed awesome movie RT @sark_10 What a Great Movie after such a Long Time :) #Gravity
,,,What a Great Movie after such a Long Time :) #Gravity
,,,"RT @moviesdotcom: Watch: An Hour-Long Conversation with Alfonso Cuaron, Plus: See Some Amazing Unused 'Gravity' Posters: We hope... http://‚Ä¶"
,,,"RT @moviesdotcom: Watch: An Hour-Long Conversation with Alfonso Cuaron, Plus: See Some Amazing Unused 'Gravity' Posters: We hope... http://‚Ä¶"
,,,The¬†28th is movie night at Whitney Park - GRAVITY! Visit http://t.co/pkKpY2tFSA for information. Thanks to @LVMPD for their help. #DistrictG
,,,"#MovieNews #Noticias Watch: An Hour-Long Conversation with Alfonso Cuaron, Plus: See Some Amazing U... http://t.co/svBUnIpaLh #Peliculas"
,,,"Watch: An Hour-Long Conversation with Alfonso Cuaron, Plus: See Some Amazing Unused 'Gravity' Posters: We hope... http://t.co/RQD2Z7G0JP"
,,,"Watch: An Hour-Long Conversation with Alfonso Cuaron, Plus: See Some Amazing Unused 'Gravity' Posters: We hope... http://t.co/7GxfvOligE"
,,,"Watch: An Hour-Long Conversation with Alfonso Cuaron, Plus: See Some Amazing Unused 'Gravity'... http://t.co/znPAGJfU42"
,,,"Watch: An Hour-Long Conversation with Alfonso Cuaron, Plus: See Some Amazing Unused 'Gravity' Posters http://t.co/EAWlUddsBg"
,,,"Watch: An Hour-Long Conversation with Alfonso Cuaron, Plus: See Some Amazing Unused 'Gravity' Posters: We hope... http://t.co/wFYSuljhQ7"
,,,"Watch: An Hour-Long Conversation with Alfonso Cuaron, Plus: See Some Amazing Unused 'Gravity'... http://t.co/iAl6lphTt5"
,,,"Watch: An Hour-Long Conversation with Alfonso Cuaron, Plus: See Some Amazing Unused 'Gravity' Posters: We hope... http://t.co/2eyQCypeJc"
,,,"Watch: An Hour-Long Conversation with Alfonso Cuaron, Plus: See Some Amazing Unused 'Gravity' Posters: We hope... http://t.co/LBmdPIXTCQ"
,,,"Watch: An Hour-Long Conversation with Alfonso Cuaron, Plus: See Some Amazing Unused 'Gravity' Posters http://t.co/cXRUGsG9hP"
,,,"Watch: An Hour-Long Conversation with Alfonso Cuaron, Plus: See Some Amazing Unused 'Gravity' Posters: We hope... http://t.co/x8f0K9XBZt"
,,,"Watch: An Hour-Long Conversation with Alfonso Cuaron, Plus: See Some Amazing Unused 'Gravity' Posters: We hope... http://t.co/HchgMnZcUi"
,,,"Watch: An Hour-Long Conversation with Alfonso Cuaron, Plus: See Some Amazing Unused 'Gravity' Posters: We hope... http://t.co/ZYEkBOok6Z"
,,,Gorgeous Unused Gravity Posters Almost Represent The Movie TOO Well http://t.co/htaEz9fjfl
,,,Gorgeous Unused Gravity Posters Almost Represent The Movie TOO Well http://t.co/jt929hdtEN
,,,"My wine's leaked into the fridge. I have a 'movie night' with the children ahead, 'Superhero' theme. Parents will appreciate the gravity."
,,,'Gorgeous Unused Gravity Posters Almost Represent The Movie TOO Well': http://t.co/FcOFM7vJVR In awe of these exceptional creations.
,,,RT @MarkMeets: New Competition! WIN #GRAVITY the movie on DVD. Follow @2getaticket & @Markmeets + RETWEET. Like & Share http://t.co/fyCaoXX‚Ä¶
,,,I'm watching Gravity (2013) http://t.co/8taT5VX3g6 #trakt
,,,RT @MarkMeets: New Competition! WIN #GRAVITY the movie on DVD. Follow @2getaticket & @Markmeets + RETWEET. Like & Share http://t.co/fyCaoXX‚Ä¶
,,,RT @MarkMeets: New Competition! WIN #GRAVITY the movie on DVD. Follow @2getaticket & @Markmeets + RETWEET. Like & Share http://t.co/fyCaoXX‚Ä¶
,,,Gorgeous Unused Gravity Posters Almost Represent The Movie TOO Well - http://t.co/aTRYO3THDH
,,,this ' gravity ' movie </3
,,,RT @MarkMeets: New Competition! WIN #GRAVITY the movie on DVD. Follow @2getaticket & @Markmeets + RETWEET. Like & Share http://t.co/fyCaoXX‚Ä¶
,,,RT @MarkMeets: New Competition! WIN #GRAVITY the movie on DVD. Follow @2getaticket & @Markmeets + RETWEET. Like & Share http://t.co/fyCaoXX‚Ä¶
,,,New Competition! WIN #GRAVITY the movie on DVD. Follow @2getaticket & @Markmeets + RETWEET. Like & Share http://t.co/fyCaoXXNC0
,,,RT @Patuleia: Gorgeous Unused Gravity Posters Almost Represent The Movie TOO Well http://t.co/gUfdGbOGbD
,,,RT @Patuleia: Gorgeous Unused Gravity Posters Almost Represent The Movie TOO Well http://t.co/gUfdGbOGbD
,,,Gravity was the worst movie I have ever seen
,,,RT @raajesh18: Sandra Bullock is one hell of a tough chick in the movie #Gravity
,,,"Watch: An Hour-Long Conversation with Alfonso Cuaron, Plus: See Some Amazing Unused 'Gravity' Posters http://t.co/eMGNJVLv9H"
,,,I now see why Gravity won so many awards. Awesome movie
,,,These early concept posters for the Gravity movie are beautiful... http://t.co/Gdhl0HUwr0
,,,Suggest a movie Gravity or the best man holiday ?
,,,"RT @2getaticket: WIN!! #GRAVITY the movie. #OSCAR DVD GIVEAWAY. Follow @2getaticket RETWEET, Like &Share on. http://t.co/1xoqMio3cC http://‚Ä¶"
,,,Gorgeous Unused #Gravity Posters Almost Represent The Movie TOO Well http://t.co/6oAbiPuGYK #Gravedad
,,,Spoiler Alert : Wth Yaar George Clooney died In the first Half of the Movie.. Sakht Anti Climax #Gravity
,,,@tdavson RT @io9: Gorgeous Unused Gravity Posters Almost Represent The Movie TOO Well http://t.co/0o75hXQUn0
,,,Gravity (2013): great movie served with gorgeous imagery & sound (perfect 5.1 mix). Oscars films are unusually good this year (two to go)
,,,"I'm watching... ""Gravity (2013)"" - http://t.co/sHKrWSbeEn #Gravity #Movie"
,,,RT @TrentonJason: Gorgeous Unused Gravity Posters Almost Represent The Movie TOO Well http://t.co/rl8U5bWWMh - http://t.co/TtFRasEkZQ
,,,Sandra Bullock is one hell of a tough chick in the movie #Gravity
,,,I watching the movie Gravity and it's giving me such bad anxiety I might have to turn it off #floatinginspace üåé
,,,Movie midnight! Gravity! :)
,,,What's the worst movie ever? ‚Äî gravity.. http://t.co/3OXF1Q31jn
,,,@io9: Gorgeous Unused Gravity Posters Almost Represent The Movie TOO Well http://t.co/1ZkK6KuVqn wish more posters were as inventive as them
,,,"Gatdayum! As if they needed it, seems movie ""Gravity"" put da fear-o-god in USAF Space Command http://t.co/E57wnJkp8Y"
,,,RT @io9: Gorgeous Unused Gravity Posters Almost Represent The Movie TOO Well http://t.co/CatFdR4jhr
,,,Gravity is such a beautiful movie
,,,"Absolutely gorgeous, yet unused Gravity (2013) movie posters. Art by Framework | io9: http://t.co/vfRJcwLowb"
,,,"Seriously don't get the movie ""Gravity"". üòë"
,,,But I got to see Gravity lastnight & MAN it was an amazing movieüëèüëèüëè it got to me! Lol.
,,,"""they failed miserably, at basically everything in that movie"" Indeed they did http://t.co/IbreZLBH23"
,,,Gorgeous Unused Gravity Posters Almost Represent The Movie TOO Well http://t.co/JGs6MZUttB
,,,RT @TrentonJason: Gorgeous Unused Gravity Posters Almost Represent The Movie TOO Well http://t.co/rl8U5bWWMh - http://t.co/TtFRasEkZQ
,,,"@RicardoIrias Thats like saying Gravity is a good movie, Lebron James is better than Jordan and RM is the best team in Madrid. FALSE!!!"
,,,RT @TrentonJason: Gorgeous Unused Gravity Posters Almost Represent The Movie TOO Well http://t.co/rl8U5bWWMh - http://t.co/TtFRasEkZQ
,,,Top : Gorgeous Unused Gravity Posters Almost Represent The Movie TOO Well (via zite) http://t.co/8iz4SUMSiz
,,,RT @TrentonJason: Gorgeous Unused Gravity Posters Almost Represent The Movie TOO Well http://t.co/rl8U5bWWMh - http://t.co/TtFRasEkZQ
,,,The movie Gravity was pretty bad in the beginning until it became the movie Castaway in the middle and then it was ok.
,,,RT @TrentonJason: Gorgeous Unused Gravity Posters Almost Represent The Movie TOO Well http://t.co/rl8U5bWWMh - http://t.co/TtFRasEkZQ
,,,RT @TrentonJason: Gorgeous Unused Gravity Posters Almost Represent The Movie TOO Well http://t.co/rl8U5bWWMh - http://t.co/TtFRasEkZQ
,,,Gorgeous Unused Gravity Posters Almost Represent The Movie TOO Well http://t.co/zik9tULh31
,,,"RT @2getaticket: #WIN!! #GRAVITY the movie in our #DVD GIVEAWAY. Follow @2getaticket. RETWEET, Like & Share on http://t.co/1xoqMio3cC"
,,,"‚Äú@2getaticket: #WIN!! #GRAVITY the movie in our #DVD GIVEAWAY. Follow @2getaticket. RETWEET, Like & Share on http://t.co/NsBw2oQoBc‚Äù"
,,,Gorgeous Unused Gravity Posters Almost Represent The Movie TOO Well http://t.co/rl8U5bWWMh - http://t.co/TtFRasEkZQ
,,,RT @io9: Gorgeous Unused Gravity Posters Almost Represent The Movie TOO Well http://t.co/CatFdR4jhr
,,,Early concept art for the Gravity movie posters. Wouldn't you want one hanging in your place? http://t.co/MdSPnvLyvh
,,,Gorgeous Unused Gravity Posters Almost Represent The Movie TOO Well http://t.co/TbOx0G74av
,,,RT @branbrabranz: What's the worst movie ever? ‚Äî gravity http://t.co/muwrZJ7x5Q
,,,RT @branbrabranz: What's the worst movie ever? ‚Äî gravity http://t.co/muwrZJ7x5Q
,,,"RT @2getaticket: #WIN!! #GRAVITY the movie in our #DVD GIVEAWAY. Follow @2getaticket. RETWEET, Like & Share on http://t.co/1xoqMio3cC"
,,,What's the worst movie ever? ‚Äî gravity http://t.co/muwrZJ7x5Q
,,,Gravity is a boring ass movie.
,,,"RT @2getaticket: #WIN!! #GRAVITY the movie in our #DVD GIVEAWAY. Follow @2getaticket. RETWEET, Like & Share on http://t.co/1xoqMio3cC"
,,,"RT @2getaticket: #WIN!! #GRAVITY the movie in our #DVD GIVEAWAY. Follow @2getaticket. RETWEET, Like & Share on http://t.co/1xoqMio3cC"
,,,"RT @2getaticket: WIN!! #GRAVITY the movie. #OSCAR DVD GIVEAWAY. Follow @2getaticket RETWEET, Like &Share on. http://t.co/1xoqMio3cC http://‚Ä¶"
,,,‚Äú@io9 Gorgeous Unused Gravity Posters Almost Represent The Movie TOO Well http://t.co/0YIy5vkCH1‚Äù http://t.co/wiETXe3S3E
,,,RT @io9: Gorgeous Unused Gravity Posters Almost Represent The Movie TOO Well http://t.co/CatFdR4jhr
,,,RT @io9: Gorgeous Unused Gravity Posters Almost Represent The Movie TOO Well http://t.co/CatFdR4jhr
,,,RT @io9: Gorgeous Unused Gravity Posters Almost Represent The Movie TOO Well http://t.co/CatFdR4jhr
,,,Movie time! I'm watching #Gravity. Join the conversation on #tvtag http://t.co/7Bm1Yy1gLX
,,,RT @io9: Gorgeous Unused Gravity Posters Almost Represent The Movie TOO Well http://t.co/CatFdR4jhr
,,,RT @io9: Gorgeous Unused Gravity Posters Almost Represent The Movie TOO Well http://t.co/CatFdR4jhr
,,,RT @io9: Gorgeous Unused Gravity Posters Almost Represent The Movie TOO Well http://t.co/CatFdR4jhr
,,,"RT @2getaticket: WIN!! #GRAVITY the movie. #OSCAR DVD GIVEAWAY. Follow @2getaticket RETWEET, Like & Share on. http://t.co/1xoqMio3cC"
,,,RT @io9: Gorgeous Unused Gravity Posters Almost Represent The Movie TOO Well http://t.co/CatFdR4jhr
,,,RT @io9: Gorgeous Unused Gravity Posters Almost Represent The Movie TOO Well http://t.co/CatFdR4jhr
,,,RT @io9: Gorgeous Unused Gravity Posters Almost Represent The Movie TOO Well http://t.co/CatFdR4jhr
,,,Gorgeous Unused Gravity Posters Almost Represent The Movie TOO Well http://t.co/CatFdR4jhr
,,,Gorgeous Unused Gravity Posters Almost Represent The Movie TOO Well #gravity http://t.co/XCk736IpYo
,,,Gorgeous unused Gravity posters almost represent the movie too well (io9) -- http://t.co/4N3zGeutks
,,,Gorgeous Unused Gravity Posters Almost Represent The Movie TOO Well http://t.co/XQoU6tdtAb
,,,Stanning #design! | Gorgeous unused #Gravity posters almost represent the movie too well http://t.co/4bT3Vn4LZf
,,,Gorgeous Unused Gravity Posters Almost Represent The Movie TOO Well http://t.co/A8COizWTeO
,,,"RT @2getaticket: WIN!! #GRAVITY the movie. #OSCAR DVD GIVEAWAY. Follow @2getaticket RETWEET, Like &Share on. http://t.co/9VOQPM6orZ"
,,,"RT @2getaticket: #WIN!! #GRAVITY the movie in our #DVD GIVEAWAY. Follow @2getaticket.RETWEET, Like & Share on http://t.co/1xoqMio3cC"
,,,Btw - i watched Gravity and it was a great movie.
,,,"RT @2getaticket: WIN!! #GRAVITY the movie. #OSCAR DVD GIVEAWAY. Follow @2getaticket RETWEET, Like &Share on. http://t.co/9VOQPM6orZ"
,,,I did not like that Gravity movie
,,,Gorgeous Unused Gravity Posters Almost Represent The Movie TOO Well http://t.co/obBOKEDQ2a
,,,RT @P4WNS: Gravity is a beautiful movie.
,,,Gorgeous Unused Gravity Posters Almost Represent The Movie TOO Well http://t.co/Da2F543adY
,,,You don't understand the gravity of this. Two weeks away from seeing my favorite comic book character in the best comic movie of all-time.
,,,"RT @2getaticket: #WIN!! #GRAVITY the movie in our #DVD GIVEAWAY. Follow @2getaticket.RETWEET, Like & Share on http://t.co/1xoqMio3cC"
,,,Gravity is such a sad movie wow wtf
,,,Gorgeous Unused Gravity Posters Almost Represent The Movie TOO Well http://t.co/GB5w3wyRvF
,,,DamnGorgeous Unused Gravity Posters Almost Represent The Movie TOO Well http://t.co/SPLsZHpf9z
,,,Today at Latitude 30 - 12:30pm - Movie: Nut Job 3:30pm - Movie: Nut Job 7:00pm - Movie: Gravity 8:00pm - Comedy:... http://t.co/3B04U1jzK0
,,,Gravity movie posters they didn't use...#Scary! http://t.co/Db6hjodHYc
,,,Gorgeous Unused #Gravity Posters Almost Represent The Movie TOO Well http://t.co/vuaYYUPnsv
,,,Gorgeous Unused Gravity Posters Almost Represent The Movie TOO Well http://t.co/L3V6cWcI0l
,,,Photoset: The ‚ÄúGravity‚Äù posters that didn‚Äôt make it. Perhaps they were too scary.¬†Gotta love a movie with a... http://t.co/AmgUja1FdP
,,,Gorgeous Unused Gravity Posters Almost Represent The Movie TOO Well http://t.co/F2j1qbcSC7
,,,The movie Gravity is suspenseful
,,,Gorgeous Unused Gravity Posters Almost Represent The Movie TOO Well http://t.co/jAM0I3q7ds
,,,"""Gravity"" (2013) is a groundbreaking movie (A) #ConamaraViews <n2sj0y>"
,,,RT @io9: Gorgeous Unused Gravity Posters Almost Represent The Movie TOO Well http://t.co/xtON6kHqxv http://t.co/Lv8ec2zCOb
,,,I will never understand the people who didn't like the movie 'Gravity.' I guess you could say the concept flew over their heads...
,,,Seriously don't get the hype about Gravity movie? - seemed pretty awful to me..
,,,scariest movie posters I have seen. http://t.co/qPhkujgKAR
,,,"Lolol my physics professor explaining how certain aspects of the movie ""Gravity"" were incorrect and impossible. üòÇ"
,,,"Just watched Gravity,what a pointless movie with a very weak story line and a crapy ending."
,,,Ang ganda ng All is lost and Gravity<3 na movie<3‚úå.
,,,Photo: (via Gorgeous Unused Gravity Posters Almost Represent The Movie TOO Well) http://t.co/1xegpZZlfR
,,,E.G. GRAVITY HOLY SHIT JUST BYE TO THAT MOVIE
,,,RT @marcfennell: The GRAVITY movie posters deemed too terrifying. http://t.co/I6bhDJIkPG
,,,RT @OmarAlyAbdou: 'Gravity' is a very creative movie.
,,,Keren iki --¬ª Gorgeous Unused Gravity Posters Almost Represent The Movie TOO Well - http://t.co/ycdvRgZIGd http://t.co/Fb9tz1wdlb
,,,Gorgeous Unused Gravity Posters Almost Represent The Movie TOO Well http://t.co/tMt3FJIpWU
,,,my physics prof discredited the physics in the movie Gravity in like 30 seconds lol
,,,"@marcfennell Movie studio: ""Needs more Clooney!"" #Gravity"
,,,Cool 'Gravity' posters. http://t.co/NtjhUEKcrw Too bad the movie wasn't that great.
,,,RT @OmarAlyAbdou: 'Gravity' is a very creative movie.
,,,Gorgeous Unused Gravity Posters Almost Represent The Movie TOO Well http://t.co/b2H74fMJ7z
,,,Gorgeous Unused Gravity Posters Almost Represent The Movie TOO Well http://t.co/y9axbTYoJo
,,,"Gorgeous unused Gravity posters almost represent the movie ""TOO well"". http://t.co/g47HhJpQOi"
,,,RT @marcfennell: The GRAVITY movie posters deemed too terrifying. http://t.co/I6bhDJIkPG
,,,"RT @2getaticket: #WIN!! #GRAVITY the movie in our #DVD GIVEAWAY. Follow @2getaticket. RETWEET, Like & Share on http://t.co/1xoqMio3cC"
,,,Gorgeous Unused Gravity Posters Almost Represent The Movie TOO Well http://t.co/XSPGuwSqWf
,,,The GRAVITY movie posters deemed too terrifying. http://t.co/I6bhDJIkPG
,,,"I literally watched 2 green day movies, 1 my chemical romance movie, one slipknot movie, and Gravity. With my dog. I am not ashamed."
,,,RT @OmarAlyAbdou: 'Gravity' is a very creative movie.
,,,The movie Gravity? Deeper than I expected! End scene iconic...reminds me of Charlton Hestonesque awesomeness! Love Sandy Bullock.
,,,RT @OmarAlyAbdou: 'Gravity' is a very creative movie.
,,,'Gravity' is a very creative movie.
,,,@roberthayjr listened & i still don't get your love of Gravity. It just wasn't a good movie. Bad plot. mediocre acting.
,,,RT @sodas_popcorn: #Repost: [Movie Review] #Gravity. Its beyond amazing! http://t.co/J1LshMvv6f #Sodasandpopcorn
,,,Gorgeous Unused Gravity Posters Almost Represent The Movie TOO Well http://t.co/q3j8XooAzN
,,,Gorgeous Unused Gravity Posters Almost Represent The Movie TOO Well http://t.co/Dw0CvjftnZ
,,,RT @io9: Gorgeous Unused Gravity Posters Almost Represent The Movie TOO Well http://t.co/xtON6kHqxv http://t.co/Lv8ec2zCOb
,,,#kbn Gorgeous Unused Gravity Posters Almost Represent The Movie TOO Well http://t.co/LbQcgzmJIp
,,,Did you ever wonder where all that debri came from in the movie #Gravity? - This movie mashup came‚Ä¶ http://t.co/ARFH7YqvLn
,,,Gorgeous unused Gravity posters almost represent the movie too well http://t.co/FajEsbHLg1 cc @irisKV
,,,Gorgeous Unused Gravity Posters Almost Represent The Movie TOO Well http://t.co/HJ1YK33GJH via @io9
,,,#AskInsideISS is it anything like portrayed in the TV series Life in Space or the movie Gravity? (minus explosions)
,,,"Alternate ""Gravity"" movie posters (ht @bencsin) http://t.co/UivzVbR594 http://t.co/Hz0yQaQtnZ"
,,,Gorgeous Unused Gravity Posters Almost Represent The Movie TOO Well http://t.co/ond6meq2rv
,,,"RT @2getaticket: WIN!! #GRAVITY the movie. #OSCAR DVD GIVEAWAY. Follow @2getaticket RETWEET, Like &Share on. http://t.co/1xoqMio3cC http://‚Ä¶"
,,,"@TheRiddler109 @thejoshl With a movie like Gravity, it's the same thing, whether on a technical or emotional level, it deserves the praise."
,,,"RT @2getaticket: #WIN!! #GRAVITY the movie in our #DVD GIVEAWAY. Follow @2getaticket. RETWEET, Like & Share on http://t.co/1xoqMio3cC"
,,,Movie time! I'm watching #Gravity. Join the conversation on #tvtag http://t.co/8dfa9Skm1M
,,,RT @thegoatsfriend: finally watching a good 3d movie #gravity
,,,Gorgeous Unused Gravity Posters Almost Represent The Movie TOO Well http://t.co/yhULWgpvwf
,,,"Boys night tonight at home. Movie choices galore! Catching Fire, Gravity, The Worlds End or just hit Netflix and watch Farscape all night?"
,,,Physics professor disproving parts of the movie Gravity. #learnin
,,,"RT @2getaticket: WIN!! #GRAVITY the movie. #OSCAR DVD GIVEAWAY. Follow @2getaticket RETWEET, Like &Share on. http://t.co/1xoqMio3cC http://‚Ä¶"
,,,"RT @2getaticket: #WIN!! #GRAVITY the movie in our #DVD GIVEAWAY. Follow @2getaticket. RETWEET, Like & Share on http://t.co/1xoqMio3cC"
,,,Spent 2 hours watching the movie 'Gravity'. No regrets.
,,,"RT @2getaticket: #WIN!! #GRAVITY the movie in our #DVD GIVEAWAY. Follow @2getaticket.RETWEET, Like & Share on http://t.co/1xoqMio3cC"
,,,"#WIN!! #GRAVITY the movie in our #DVD GIVEAWAY. Follow @2getaticket. RETWEET, Like & Share on http://t.co/d7jMg2nOKJ"
,,,"RT @2getaticket: #WIN!! #GRAVITY the movie in our #DVD GIVEAWAY. Follow @2getaticket. RETWEET, Like & Share on http://t.co/1xoqMio3cC"
,,,Just watched Gravity and holy crap what a good movie.
,,,Can't wait to see gravity tomorrow!!üòã cute lil movie night‚úåÔ∏è
,,,"RT @2getaticket: #WIN!! #GRAVITY the movie in our #DVD GIVEAWAY. Follow @2getaticket.RETWEET, Like & Share on http://t.co/1xoqMio3cC"
,,,Movie time! I'm watching #Gravity. Join the conversation on #tvtag http://t.co/1QKARZVGzi
,,,"RT @2getaticket: WIN!! #GRAVITY the movie. #OSCAR DVD GIVEAWAY. Follow @2getaticket RETWEET, Like &Share on. http://t.co/1xoqMio3cC http://‚Ä¶"
,,,i watched a movie called gravity. i didn't feel like watching it. LOL well it was okay. ahhhhhh i need to read novel now :(
,,,"RT @2getaticket: #WIN!! #GRAVITY the movie in our #DVD GIVEAWAY. Follow @2getaticket.RETWEET, Like & Share on http://t.co/1xoqMio3cC"
,,,RT @io9: Gorgeous Unused Gravity Posters Almost Represent The Movie TOO Well http://t.co/xtON6kHqxv http://t.co/Lv8ec2zCOb
,,,"RT @2getaticket: WIN!! #GRAVITY the movie. #OSCAR DVD GIVEAWAY. Follow @2getaticket RETWEET, Like &Share on. http://t.co/9VOQPM6orZ"
,,,"RT @2getaticket: WIN!! #GRAVITY the movie. #OSCAR DVD GIVEAWAY. Follow @2getaticket RETWEET, Like &Share on. http://t.co/1xoqMio3cC http://‚Ä¶"
,,,"Today's 3pm #movie is of The Lost Medallion, 6pm Mandela and 8pm Gravity. Tickets D100 for adults and D50 for kids #Gambia #TheGambia"
,,,RT @Uptomyknees: explain to me why The Impossible didn't sweep the academy awards/isn't a movie that absolutely everyone has seen a la Grav‚Ä¶
,,,"RT @2getaticket: #WIN!! #GRAVITY the movie in our #DVD GIVEAWAY. Follow @2getaticket.RETWEET, Like & Share on http://t.co/1xoqMio3cC"
,,,"@2getaticket WIN!! #GRAVITY the movie. #OSCAR DVD GIVEAWAY. Follow @2getaticket RETWEET, Like &Share on. http://t.co/YX5reBwfUw great prize"
,,,"RT @2getaticket: WIN!! #GRAVITY the movie. #OSCAR DVD GIVEAWAY. Follow @2getaticket RETWEET, Like &Share on. http://t.co/1xoqMio3cC http://‚Ä¶"
,,,"RT @2getaticket: WIN!! #GRAVITY the movie. #OSCAR DVD GIVEAWAY. Follow @2getaticket RETWEET, Like &Share on. http://t.co/1xoqMio3cC http://‚Ä¶"
,,,Can't believe I sat through that Gravity movie. Made me dizzy
,,,I Just watched Gravity and let me just say how cool this movie is. #popcornmovie
,,,"RT @2getaticket: WIN!! #GRAVITY the movie. #OSCAR DVD GIVEAWAY. Follow @2getaticket RETWEET, Like &Share on. http://t.co/1xoqMio3cC http://‚Ä¶"
,,,"RT @2getaticket: #WIN!! #GRAVITY the movie in our #DVD GIVEAWAY. Follow @2getaticket. RETWEET, Like & Share on http://t.co/1xoqMio3cC"
,,,"RT @2getaticket: #WIN!! #GRAVITY the movie in our #DVD GIVEAWAY. Follow @2getaticket.RETWEET, Like & Share on http://t.co/1xoqMio3cC"
,,,Just watched Gravity and seriously it looked exactly like ordinary porn movie but without sex scene in space
,,,"RT @2getaticket: #WIN!! #GRAVITY the movie in our #DVD GIVEAWAY. Follow @2getaticket. RETWEET, Like & Share on http://t.co/1xoqMio3cC"
,,,"@misterpeye seriously, watching paint dry is more engaging than that gravity movie, what the actual fuck?!"
,,,"RT @2getaticket: WIN!! #GRAVITY the movie. #OSCAR DVD GIVEAWAY. Follow @2getaticket RETWEET, Like &Share on. http://t.co/9VOQPM6orZ"
,,,"RT @2getaticket: #WIN!! #GRAVITY the movie in our #DVD GIVEAWAY. Follow @2getaticket. RETWEET, Like & Share on http://t.co/1xoqMio3cC"
,,,RT @AstroRM: I am watching the movie Gravity up here on ISS. Let's call it training.
,,,Gorgeous Unused Gravity Posters Almost Represent The Movie TOO Well http://t.co/xaAXd7GrBo
,,,correction just saw another 5 mins of movie =worst crap i hv seen in the last 10 years http://t.co/U2nPqH8WEa via @SFGate
,,,RT @imageworksvfx: Digital Effects Supervisor David Smith will present the VFX featured in The Amazing #SpiderMan 2 at @FMX_Conference: htt‚Ä¶
,,,Gravity is now my favorite movie wow
,,,the movie gravity is absolute shit http://t.co/U2nPqH8WEa via @SFGate
,,,"RT @2getaticket: #WIN!! #GRAVITY the movie in our #DVD GIVEAWAY. Follow @2getaticket.RETWEET, Like & Share on http://t.co/1xoqMio3cC"
,,,"RT @2getaticket: #WIN!! #GRAVITY the movie in our #DVD GIVEAWAY. Follow @2getaticket. RETWEET, Like & Share on http://t.co/1xoqMio3cC"
,,,‚Äú@newhopefilms: Gravity is a pretty good movie.‚Äù
,,,Gravity is a pretty good movie.
,,,"RT @2getaticket: #WIN!! #GRAVITY the movie in our #DVD GIVEAWAY. Follow @2getaticket. RETWEET, Like & Share on http://t.co/1xoqMio3cC"
,,,"RT @2getaticket: #WIN!! #GRAVITY the movie in our #DVD GIVEAWAY. Follow @2getaticket. RETWEET, Like & Share on http://t.co/1xoqMio3cC"
,,,@gravity movie won 7 @oscars hollywood
,,,I'm watching Gravity. #60hzApp https://t.co/GNQ1SBDrGU
,,,I'm watching Gravity (2013) http://t.co/0Dmrv1SInX #trakt
,,,"RT @2getaticket: #WIN!! #GRAVITY the movie in our #DVD GIVEAWAY. Follow @2getaticket. RETWEET, Like & Share on http://t.co/1xoqMio3cC"
,,,"RT @2getaticket: #WIN!! #GRAVITY the movie in our #DVD GIVEAWAY. Follow @2getaticket.RETWEET, Like & Share on http://t.co/1xoqMio3cC"
,,,"RT @2getaticket: #WIN!! #GRAVITY the movie in our #DVD GIVEAWAY. Follow @2getaticket. RETWEET, Like & Share on http://t.co/1xoqMio3cC"
,,,"RT @2getaticket: #WIN!! #GRAVITY the movie in our #DVD GIVEAWAY. Follow @2getaticket. RETWEET, Like & Share on http://t.co/1xoqMio3cC"
,,,"RT @2getaticket: #WIN!! #GRAVITY the movie in our #DVD GIVEAWAY. Follow @2getaticket. RETWEET, Like & Share on http://t.co/1xoqMio3cC"
,,,"RT @2getaticket: #WIN!! #GRAVITY the movie in our #DVD GIVEAWAY. Follow @2getaticket. RETWEET, Like & Share on http://t.co/1xoqMio3cC"
,,,"RT @2getaticket: #WIN!! #GRAVITY the movie in our #DVD GIVEAWAY. Follow @2getaticket.RETWEET, Like & Share on http://t.co/1xoqMio3cC"
,,,"RT @2getaticket: #WIN!! #GRAVITY the movie in our #DVD GIVEAWAY. Follow @2getaticket. RETWEET, Like & Share on http://t.co/1xoqMio3cC"
,,,"RT @2getaticket: #WIN!! #GRAVITY the movie in our #DVD GIVEAWAY. Follow @2getaticket. RETWEET, Like & Share on http://t.co/1xoqMio3cC"
,,,"RT @2getaticket: #WIN!! #GRAVITY the movie in our #DVD GIVEAWAY. Follow @2getaticket. RETWEET, Like & Share on http://t.co/1xoqMio3cC"
,,,"RT @2getaticket: #WIN!! #GRAVITY the movie in our #DVD GIVEAWAY. Follow @2getaticket.RETWEET, Like & Share on http://t.co/1xoqMio3cC"
,,,"RT @2getaticket: #WIN!! #GRAVITY the movie in our #DVD GIVEAWAY. Follow @2getaticket. RETWEET, Like & Share on http://t.co/1xoqMio3cC"
,,,"RT @2getaticket: #WIN!! #GRAVITY the movie in our #DVD GIVEAWAY. Follow @2getaticket. RETWEET, Like & Share on http://t.co/1xoqMio3cC"
,,,"RT @2getaticket: #WIN!! #GRAVITY the movie in our #DVD GIVEAWAY. Follow @2getaticket. RETWEET, Like & Share on http://t.co/1xoqMio3cC"
,,,"RT @2getaticket: #WIN!! #GRAVITY the movie in our #DVD GIVEAWAY. Follow @2getaticket. RETWEET, Like & Share on http://t.co/1xoqMio3cC"
,,,"RT @2getaticket: #WIN!! #GRAVITY the movie in our #DVD GIVEAWAY. Follow @2getaticket. RETWEET, Like & Share on http://t.co/1xoqMio3cC"
,,,"RT @2getaticket: #WIN!! #GRAVITY the movie in our #DVD GIVEAWAY. Follow @2getaticket. RETWEET, Like & Share on http://t.co/1xoqMio3cC"
,,,"RT @2getaticket: #WIN!! #GRAVITY the movie in our #DVD GIVEAWAY. Follow @2getaticket.RETWEET, Like & Share on http://t.co/1xoqMio3cC"
,,,"RT @2getaticket: #WIN!! #GRAVITY the movie in our #DVD GIVEAWAY. Follow @2getaticket. RETWEET, Like & Share on http://t.co/1xoqMio3cC"
,,,"RT @2getaticket: #WIN!! #GRAVITY the movie in our #DVD GIVEAWAY. Follow @2getaticket. RETWEET, Like & Share on http://t.co/1xoqMio3cC"
,,,"RT @2getaticket: #WIN!! #GRAVITY the movie in our #DVD GIVEAWAY. Follow @2getaticket. RETWEET, Like & Share on http://t.co/1xoqMio3cC"
,,,"RT @2getaticket: #WIN!! #GRAVITY the movie in our #DVD GIVEAWAY. Follow @2getaticket. RETWEET, Like & Share on http://t.co/1xoqMio3cC"
,,,"RT @2getaticket: #WIN!! #GRAVITY the movie in our #DVD GIVEAWAY. Follow @2getaticket. RETWEET, Like & Share on http://t.co/1xoqMio3cC"
,,,"RT @2getaticket: #WIN!! #GRAVITY the movie in our #DVD GIVEAWAY. Follow @2getaticket. RETWEET, Like & Share on http://t.co/1xoqMio3cC"
,,,"RT @2getaticket: WIN!! #GRAVITY the movie. #OSCAR DVD GIVEAWAY. Follow @2getaticket RETWEET, Like & Share on. http://t.co/1xoqMio3cC"
,,,"RT @2getaticket: #WIN!! #GRAVITY the movie in our #DVD GIVEAWAY. Follow @2getaticket. RETWEET, Like & Share on http://t.co/1xoqMio3cC"
,,,"RT @2getaticket: #WIN!! #GRAVITY the movie in our #DVD GIVEAWAY. Follow @2getaticket. RETWEET, Like & Share on http://t.co/1xoqMio3cC"
,,,"RT @2getaticket: @Harrods #WIN!! #GRAVITY the movie. #DVD GIVEAWAY. Follow @2getaticket RETWEET,Like & Share on http://t.co/1xoqMio3cC http‚Ä¶"
,,,"RT @2getaticket: WIN!! #GRAVITY the movie. #OSCAR DVD GIVEAWAY. Follow @2getaticket RETWEET,Like & Share on. http://t.co/9VOQPM6orZ"
,,,RT @yabooncom: buy online and direct #download cheap #movie Gravity http://t.co/6sI0yyxSAe
,,,RT @yabooncom: buy online and direct #download cheap #movie Gravity http://t.co/6sI0yyxSAe
,,,RT @yabooncom: buy online and direct #download cheap #movie Gravity http://t.co/6sI0yyxSAe
,,,RT @yabooncom: buy online and direct #download cheap #movie Gravity http://t.co/6sI0yyxSAe
,,,RT @yabooncom: buy online and direct #download cheap #movie Gravity http://t.co/6sI0yyxSAe
,,,RT @yabooncom: buy online and direct #download cheap #movie Gravity http://t.co/6sI0yyxSAe
,,,RT @yabooncom: buy online and direct #download cheap #movie Gravity http://t.co/6sI0yyxSAe
,,,RT @yabooncom: buy online and direct #download cheap #movie Gravity http://t.co/6sI0yyxSAe
,,,RT @yabooncom: buy online and direct #download cheap #movie Gravity http://t.co/6sI0yyxSAe
,,,buy online and direct #download cheap #movie Gravity http://t.co/6sI0yyxSAe
,,,"RT @2getaticket: #WIN!! #GRAVITY the movie in our #DVD GIVEAWAY. Follow @2getaticket.RETWEET, Like & Share on http://t.co/1xoqMio3cC"
,,,"I watched that ""Gravity"" movie on my flight the other day and it was really good"
,,,RT @sarahsounds: Gravity movie is a piece of perfection! It's literally overwhelming!!
,,,RT @hdmoviefun: buy online and direct #download cheap #movie Gravity http://t.co/izjL1uJ19h
,,,RT @hdmoviefun: buy online and direct #download cheap #movie Gravity http://t.co/izjL1uJ19h
,,,RT @hdmoviefun: buy online and direct #download cheap #movie Gravity http://t.co/izjL1uJ19h
,,,RT @hdmoviefun: buy online and direct #download cheap #movie Gravity http://t.co/izjL1uJ19h
,,,RT @hdmovie4downloa: buy online and direct #download cheap #movie Gravity http://t.co/AsAyI5d5Sd
,,,RT @hdmoviefun: buy online and direct #download cheap #movie Gravity http://t.co/izjL1uJ19h
,,,RT @hdmovie4downloa: buy online and direct #download cheap #movie Gravity http://t.co/AsAyI5d5Sd
,,,RT @hdmoviefun: buy online and direct #download cheap #movie Gravity http://t.co/izjL1uJ19h
,,,RT @hdmovie4downloa: buy online and direct #download cheap #movie Gravity http://t.co/AsAyI5d5Sd
,,,RT @hdmoviefun: buy online and direct #download cheap #movie Gravity http://t.co/izjL1uJ19h
,,,RT @hdmovie4downloa: buy online and direct #download cheap #movie Gravity http://t.co/AsAyI5d5Sd
,,,RT @hdmovie4downloa: buy online and direct #download cheap #movie Gravity http://t.co/AsAyI5d5Sd
,,,RT @hdmoviefun: buy online and direct #download cheap #movie Gravity http://t.co/izjL1uJ19h
,,,RT @hdmovie4downloa: buy online and direct #download cheap #movie Gravity http://t.co/AsAyI5d5Sd
,,,RT @hdmoviefun: buy online and direct #download cheap #movie Gravity http://t.co/izjL1uJ19h
,,,RT @hdmovie4downloa: buy online and direct #download cheap #movie Gravity http://t.co/AsAyI5d5Sd
,,,RT @DownloadMovie3: buy online and direct #download cheap #movie Gravity http://t.co/XWS4ZAfwqZ
,,,RT @hdmoviefun: buy online and direct #download cheap #movie Gravity http://t.co/izjL1uJ19h
,,,RT @hdmovie4downloa: buy online and direct #download cheap #movie Gravity http://t.co/AsAyI5d5Sd
,,,RT @CheapFilmFinder: buy online and direct #download cheap #movie Gravity http://t.co/tO3uQb9QWz
,,,RT @hdmoviefun: buy online and direct #download cheap #movie Gravity http://t.co/izjL1uJ19h
,,,RT @DownloadMovie3: buy online and direct #download cheap #movie Gravity http://t.co/XWS4ZAfwqZ
,,,RT @CheapFilmFinder: buy online and direct #download cheap #movie Gravity http://t.co/tO3uQb9QWz
,,,buy online and direct #download cheap #movie Gravity http://t.co/izjL1uJ19h
,,,RT @hdmovie4downloa: buy online and direct #download cheap #movie Gravity http://t.co/AsAyI5d5Sd
,,,RT @DownloadMovie3: buy online and direct #download cheap #movie Gravity http://t.co/XWS4ZAfwqZ
,,,RT @hdmovie4downloa: buy online and direct #download cheap #movie Gravity http://t.co/AsAyI5d5Sd
,,,RT @DownloadMovie3: buy online and direct #download cheap #movie Gravity http://t.co/XWS4ZAfwqZ
,,,RT @CheapFilmFinder: buy online and direct #download cheap #movie Gravity http://t.co/tO3uQb9QWz
,,,RT @hdmovie4downloa: buy online and direct #download cheap #movie Gravity http://t.co/AsAyI5d5Sd
,,,RT @DownloadMovie3: buy online and direct #download cheap #movie Gravity http://t.co/XWS4ZAfwqZ
,,,RT @CheapFilmFinder: buy online and direct #download cheap #movie Gravity http://t.co/tO3uQb9QWz
,,,buy online and direct #download cheap #movie Gravity http://t.co/AsAyI5d5Sd
,,,RT @movies_weekend: buy online and direct #download cheap #movie Gravity http://t.co/vugoX3UJ4p
,,,RT @CheapFilmFinder: buy online and direct #download cheap #movie Gravity http://t.co/tO3uQb9QWz
,,,RT @DownloadMovie3: buy online and direct #download cheap #movie Gravity http://t.co/XWS4ZAfwqZ
,,,RT @movies_weekend: buy online and direct #download cheap #movie Gravity http://t.co/vugoX3UJ4p
,,,RT @DownloadMovie3: buy online and direct #download cheap #movie Gravity http://t.co/XWS4ZAfwqZ
,,,RT @CheapFilmFinder: buy online and direct #download cheap #movie Gravity http://t.co/tO3uQb9QWz
,,,RT @movies_weekend: buy online and direct #download cheap #movie Gravity http://t.co/vugoX3UJ4p
,,,RT @DownloadMovie3: buy online and direct #download cheap #movie Gravity http://t.co/XWS4ZAfwqZ
,,,RT @CheapFilmFinder: buy online and direct #download cheap #movie Gravity http://t.co/tO3uQb9QWz
,,,RT @movies_weekend: buy online and direct #download cheap #movie Gravity http://t.co/vugoX3UJ4p
,,,RT @DownloadMovie3: buy online and direct #download cheap #movie Gravity http://t.co/XWS4ZAfwqZ
,,,RT @CheapFilmFinder: buy online and direct #download cheap #movie Gravity http://t.co/tO3uQb9QWz
,,,RT @DownloadMovie3: buy online and direct #download cheap #movie Gravity http://t.co/XWS4ZAfwqZ
,,,RT @movies_weekend: buy online and direct #download cheap #movie Gravity http://t.co/vugoX3UJ4p
,,,RT @CheapFilmFinder: buy online and direct #download cheap #movie Gravity http://t.co/tO3uQb9QWz
,,,RT @DownloadMovie3: buy online and direct #download cheap #movie Gravity http://t.co/XWS4ZAfwqZ
,,,RT @movies_weekend: buy online and direct #download cheap #movie Gravity http://t.co/vugoX3UJ4p
,,,RT @CheapFilmFinder: buy online and direct #download cheap #movie Gravity http://t.co/tO3uQb9QWz
,,,RT @movies_weekend: buy online and direct #download cheap #movie Gravity http://t.co/vugoX3UJ4p
,,,RT @CheapFilmFinder: buy online and direct #download cheap #movie Gravity http://t.co/tO3uQb9QWz
,,,buy online and direct #download cheap #movie Gravity http://t.co/XWS4ZAfwqZ
,,,buy online and direct #download cheap #movie Gravity http://t.co/tO3uQb9QWz
,,,RT @movies_weekend: buy online and direct #download cheap #movie Gravity http://t.co/vugoX3UJ4p
,,,RT @movies_weekend: buy online and direct #download cheap #movie Gravity http://t.co/vugoX3UJ4p
,,,RT @movies_weekend: buy online and direct #download cheap #movie Gravity http://t.co/vugoX3UJ4p
,,,RT @movies_weekend: buy online and direct #download cheap #movie Gravity http://t.co/vugoX3UJ4p
,,,buy online and direct #download cheap #movie Gravity http://t.co/vugoX3UJ4p
,,,"RT @2getaticket: #WIN!! #GRAVITY the movie in our #DVD GIVEAWAY. Follow @2getaticket.RETWEET, Like & Share on http://t.co/1xoqMio3cC"
,,,This Movie Is CRAZY #Gravity
,,,Gravity movie is a piece of perfection! It's literally overwhelming!!
,,,Movie time! I'm watching #Gravity. Join the conversation on #tvtag http://t.co/rtJkrz46Z9
,,,Having a hard time deciding which movie to watch: Her? Or Gravity? #decisionsdecisions
,,,"RT @2getaticket: #WIN!! #GRAVITY the movie in our #DVD GIVEAWAY. Follow @2getaticket.RETWEET, Like & Share on http://t.co/1xoqMio3cC"
,,,"RT @2getaticket: #WIN!! #GRAVITY the movie in our #DVD GIVEAWAY. Follow @2getaticket.RETWEET, Like & Share on http://t.co/1xoqMio3cC"
,,,"RT @2getaticket: #WIN!! #GRAVITY the movie in our #DVD GIVEAWAY. Follow @2getaticket.RETWEET, Like & Share on http://t.co/1xoqMio3cC"
,,,"RT @2getaticket: WIN!! #GRAVITY the movie. #OSCAR DVD GIVEAWAY. Follow @2getaticket RETWEET, Like & Share on. http://t.co/1xoqMio3cC"
,,,"RT @2getaticket: #WIN!! #GRAVITY the movie in our #DVD GIVEAWAY. Follow @2getaticket.RETWEET, Like & Share on http://t.co/1xoqMio3cC"
,,,"RT @2getaticket: #WIN!! #GRAVITY the movie in our #DVD GIVEAWAY. Follow @2getaticket.RETWEET, Like & Share on http://t.co/1xoqMio3cC"
,,,"RT @2getaticket: #WIN!! #GRAVITY the movie in our #DVD GIVEAWAY. Follow @2getaticket.RETWEET, Like & Share on http://t.co/1xoqMio3cC"
,,,"RT @2getaticket: #WIN!! #GRAVITY the movie in our #DVD GIVEAWAY. Follow @2getaticket.RETWEET, Like & Share on http://t.co/1xoqMio3cC"
,,,"RT @2getaticket: #WIN!! #GRAVITY the movie in our #DVD GIVEAWAY. Follow @2getaticket.RETWEET, Like & Share on http://t.co/1xoqMio3cC"
,,,"RT @2getaticket: #WIN!! #GRAVITY the movie in our #DVD GIVEAWAY. Follow @2getaticket.RETWEET, Like & Share on http://t.co/1xoqMio3cC"
,,,"RT @2getaticket: #WIN!! #GRAVITY the movie in our #DVD GIVEAWAY. Follow @2getaticket.RETWEET, Like & Share on http://t.co/1xoqMio3cC"
,,,"RT @2getaticket: #WIN!! #GRAVITY the movie in our #DVD GIVEAWAY. Follow @2getaticket.RETWEET, Like & Share on http://t.co/1xoqMio3cC"
,,,"RT @2getaticket: #WIN!! #GRAVITY the movie in our #DVD GIVEAWAY. Follow @2getaticket.RETWEET, Like & Share on http://t.co/1xoqMio3cC"
,,,"RT @2getaticket: #WIN!! #GRAVITY the movie in our #DVD GIVEAWAY. Follow @2getaticket.RETWEET, Like & Share on http://t.co/1xoqMio3cC"
,,,"RT @2getaticket: #WIN!! #GRAVITY the movie in our #DVD GIVEAWAY. Follow @2getaticket.RETWEET, Like & Share on http://t.co/1xoqMio3cC"
,,,I would pay ridiculous amounts of money to see @msleamichele sing Defying Gravity in a certain upcoming movie. HINT HINT UNIVERSAL #perfect
,,,RT @Uptomyknees: explain to me why The Impossible didn't sweep the academy awards/isn't a movie that absolutely everyone has seen a la Grav‚Ä¶
,,,"RT @2getaticket: #WIN!! #GRAVITY the movie in our #DVD GIVEAWAY. Follow @2getaticket.RETWEET, Like & Share on http://t.co/1xoqMio3cC"
,,,"RT @2getaticket: #WIN!! #GRAVITY the movie in our #DVD GIVEAWAY. Follow @2getaticket & @Markmeets RETWEET, Like&Share on http://t.co/1xoqMi‚Ä¶"
,,,"RT @2getaticket: #WIN!! #GRAVITY the movie in our #DVD GIVEAWAY. Follow @2getaticket.RETWEET, Like & Share on http://t.co/1xoqMio3cC"
,,,Spring Break Movie of the night: Gravity #SB2K14
,,,"So...I just watched ""Gravity""...that's a pretty shitty movie."
,,,"RT @2getaticket: WIN!! #GRAVITY the movie. #OSCAR DVD GIVEAWAY. Follow @2getaticket RETWEET, Like &Share on. http://t.co/1xoqMio3cC http://‚Ä¶"
,,,I'm gonna smoke some bowls then watch a movie... wolf of wall street or gravity???
,,,Little shopping today with my mom‚ô• Going to movie also #Gravity
,,,RT @io9: Gorgeous Unused Gravity Posters Almost Represent The Movie TOO Well http://t.co/xtON6kHqxv http://t.co/Lv8ec2zCOb
,,,If you had to live the rest of your life in a movie w... ‚Äî Really hard... I think I would pick Gravity or her or... http://t.co/mBSx0yHY1t
,,,gravity was a cool movie
,,,Gravity is a really good movie
,,,Movie critics are saying divergent was bad but yet these same people said gravity was great. #donttrustya
,,,@AstroIllini man I rememb the gravity movie wn evr I think abt u... be safe :)
,,,This movie Gravity is stressing me out
,,,Just watched Gravity....One hell of the movie it is......Just Awesome !!! Alfonso Cuar√≥n is just amazing director...
,,,RT @Uptomyknees: explain to me why The Impossible didn't sweep the academy awards/isn't a movie that absolutely everyone has seen a la Grav‚Ä¶
,,,"RT @2getaticket: WIN!! #GRAVITY the movie. #OSCAR DVD GIVEAWAY. Follow @2getaticket RETWEET, Like & Share on. http://t.co/1xoqMio3cC"
,,,Up since 545 am. Watched Gravity and now onto the Batman Lego Movie. Really? This is life with paddylull
,,,Gravity was a BOMB ass movie 10/10
,,,Gorgeous Unused Gravity Posters Almost Represent The Movie TOO Well http://t.co/O1XSUShClb
,,,Watching this movie gravity. Yeaa fuck outer space.
,,,"RT @2getaticket: WIN!! #GRAVITY the movie. #OSCAR DVD GIVEAWAY. Follow @2getaticket RETWEET, Like &Share on. http://t.co/1xoqMio3cC http://‚Ä¶"
,,,"RT @2getaticket: WIN!! #GRAVITY the movie. #OSCAR DVD GIVEAWAY. Follow @2getaticket RETWEET, Like &Share on. http://t.co/1xoqMio3cC http://‚Ä¶"
,,,Watch Gravity Full Movie Streaming Instantly => http://t.co/55GG6i9Fz4 #Movie #Film #Live
,,,Gravity is such a good movieüòç
,,,"Juss watched the movie Gravity"" it was pretty gnarly aha"
,,,üì∫Gravity; shit was a good movie!
,,,Gravity Is Such A Good Movie.!!<33
,,,Just watched Gravity with @mclarknewport. Definitely a good movie!
,,,Finally i can watched Gravity movie ! :D yayy
,,,Just watchin Gravity movie...
,,,"Watching the movie Gravity is basically the same as studying for my astronomy final, right?"
,,,Sandra Bullock was on some RNS in that movie gravity... Forreal forreal. üëåüíØ
,,,Gravity is a good movie. Anyways goodnight
,,,Wow Gravity had one of the best endings to a movie I've ever seen. The movie stressed me out though
,,,I was just in a sleeping coma on the couch. Gravity is not the movie to put on if you want me awake #snoozeville
,,,"gravity was a sick movie , but the ending pissed me off o:<"
,,,Watching Gravity #Movie
,,,"RT @2getaticket: WIN!! #GRAVITY the movie. #OSCAR DVD GIVEAWAY. Follow @2getaticket RETWEET, Like & Share on. http://t.co/1xoqMio3cC"
,,,Gravity is a pretty good movie!
,,,This movie Gravity is amazing üôå
,,,the space cats account gives me anxiety now because if the movie gravity
,,,RT @John_Jmill: Gravity is the worst movie I have ever seen
,,,"""@Lyfestyle_Boss: @_InKielzWeTrust my nigga you remind me of darkness from the movie gravity"" that must be a movie about food?"
,,,"RT @2getaticket: WIN!! #GRAVITY the movie. #OSCAR DVD GIVEAWAY. Follow @2getaticket RETWEET, Like & Share on. http://t.co/1xoqMio3cC"
,,,@Steph_Garza lol sorry read this late lol u watched that movie gravity to much haha
,,,@_InKielzWeTrust my nigga you remind me of darkness from the movie gravity
,,,"I have never had so much anxiety watching a movie than I have had watching Gravity. This is good, and stressful."
,,,Evening with the family; watched #Gravity.. Enjoyed seeing #SandraBullock and #GeorgeClooney together. Entertaining; suspenseful; good movie
,,,"Watching ""Gravity."" Heard it's a really good movie. Let's see....."
,,,"This movie ""gravity"" not really catching my attention"
,,,@UberGooseUS @Indextic The movie doesn't even have anything to do with gravity. It should be called angular momentum.
,,,Just watched 'Gravity' for the first time and I must say it deserves every award it's won. I was on the edge of my seat the entire movie!!
,,,"RT @2getaticket: WIN!! #GRAVITY the movie. #OSCAR DVD GIVEAWAY. Follow @2getaticket RETWEET, Like & Share on. http://t.co/1xoqMio3cC"
,,,Gravity was not that bad of a movie.
,,,@thebrittneyh Gravity is a really good movie!
,,,RT @A_CleverTedE: The forewarning for #Gravity should have been: Warning: a lot of physics was harmed during the making of this movie.
,,,@SNCKPCK the gravity movie should just have been all about blazin it
,,,The forewarning for #Gravity should have been: Warning: a lot of physics was harmed during the making of this movie.
,,,Just made the conection during the movie that Idina Menzel also sings defying gravity. #imalittleslow
,,,Gravity...no. Don't like that movie. At all. Talk about emotional turmoil.
,,,RT @Uptomyknees: explain to me why The Impossible didn't sweep the academy awards/isn't a movie that absolutely everyone has seen a la Grav‚Ä¶
,,,"How the fuck is gravity a ""good"" movie if George fucking Clooney dies?"
,,,this gravity movie is a trip !
,,,explain to me why The Impossible didn't sweep the academy awards/isn't a movie that absolutely everyone has seen a la Gravity?
,,,"Gravity movie, blizzy and moscato! üôå all I've been wanting üòå http://t.co/HeIGujdXk7"
,,,Gorgeous Unused Gravity Posters Almost Represent The Movie TOO Well http://t.co/cY0jlkRKzH
,,,"RT @2getaticket: WIN!! #GRAVITY the movie. #OSCAR DVD GIVEAWAY. Follow @2getaticket RETWEET, Like & Share on. http://t.co/1xoqMio3cC"
,,,Is gravity even a good movie?
,,,#Tracks with #MiaWasikowska is #Gravity set in the #AustralianDesert http://t.co/I0DGhCr8tV
,,,Bored so ordered the movie #gravity heard it was good üåõüöÄüöÄüöÄ
,,,So Sadra Bullocks loses her mind midway through the movie. #Gravity
,,,"RT @2getaticket: WIN!! #GRAVITY the movie. #OSCAR DVD GIVEAWAY. Follow @2getaticket RETWEET, Like & Share on. http://t.co/1xoqMio3cC"
,,,RT @incoppola: 1. This 2. Not going to Gambino 3. Mountain Pointe administration bitching at me 4. The movie Gravity
,,,‚Äú@incoppola: 1. This 2. Not going to Gambino 3. Mountain Pointe administration bitching at me 4. The movie Gravity‚Äù üòÇüò≠üòÇüò≠üòÇ
,,,RT @incoppola: 1. This 2. Not going to Gambino 3. Mountain Pointe administration bitching at me 4. The movie Gravity
,,,1. This 2. Not going to Gambino 3. Mountain Pointe administration bitching at me 4. The movie Gravity
,,,"You know what, NO, screw the movie Gravity. Put me through that much stress, and then end it the way that they do. I'm writing a letter."
,,,@TheRiddler109 Gravity was probably my most overrated movie of 2013
,,,this movie gravity makes me so mad. lol.
,,,Gravity be having rey fall out my seat ! That movie oooh buddy !
,,,Movie was ass RT @Khalel954: Gravity make you say FUCK space bruh...yall can have that shit.
,,,"Finally watched The movie Gravity. Man, that was heavy."
,,,"RT @_madisonkaeli: ""Ms. Slack have you seen Gravity?"" ""No one can SEE gravity"" ""I meant the movie.."""
,,,RT @iKenTurner: Gorgeous Unused Gravity Posters Almost Represent The Movie TOO Well http://t.co/Ocz3SMWheF
,,,Gravity is sucha boring movie.. üò¥
,,,Gorgeous Unused Gravity Posters Almost Represent The Movie TOO Well http://t.co/Ocz3SMWheF
,,,"You know it's bad when your dad, who loves space aeronautics, doesn't like the movie Gravity"
,,,Man when I saw this gravity movie in the theater shit had my nerves fucked up.
,,,Gravity is the most frustrating movie I've ever seen
,,,Did y'all see this gravity movie?
,,,Gravity is a great movie omg
,,,Movie time with the wifey. #Gravity
,,,Just watched the movie gravity no going to bed
,,,The movie Gravity just made me so dizzy.
,,,Movie time #beer #brew #craftbeer #craftbrew #thelostabbey #avantgarde #getlitson #movie #gravity http://t.co/BCdMvSoh3e
,,,@DavidKaskey Gravity is a good movie.
,,,Gorgeous Unused Gravity Posters Almost Represent The Movie TOO Well http://t.co/quRjWlY6Ev
,,,"@ladygaga you've seen the movie, gravity? :s are you ready for that?üåéüååüöÄ #YouAreBrave #ARTPOP #space"
,,,RT @_IGYB_: So #NeedForSpeed was a great movie Kid Cudi had a great role!!
,,,Watch Gravity Full Movie => http://t.co/55GG6i9Fz4 #Movie #Links #2014
,,,The movie gravity is really good.
,,,Watching Gravity. Not sure if this is a movie or an extended PSA about space litter.
,,,Gorgeous Unused Gravity Posters Almost Represent The Movie TOO Well http://t.co/rIaeioJU2S
,,,Gravity is an amazing movie!! üëåüòä
,,,What a Movie! #Gravity
,,,Gravity was SO GOOD. Is it even possible for Sandra bullock to not be 100% boss at any movie she's in?
,,,RT @hannahmichele26: the movie Gravity makes me feel like I'm gonna have an anxiety attack
,,,The movie Gravity got me thinking fuck space
,,,Just watched Gravity. Sandra Bullock's character seriously sucked which means the entirety of the movie did too. #wasteofmylife
,,,Kyle and I were being nerds while watching Gravity. We analyzed almost every part of the movie.
,,,the movie Gravity makes me feel like I'm gonna have an anxiety attack
,,,whoever said gravity wasnt that good is ugly. that movie is raw
,,,"Ashamed to say that neither of my first two books passed the Bechdel test. But then again, neither does GRAVITY: http://t.co/duQL8lw0Uj"
,,,I'm late but Gravity is a good ass movie.
,,,RT @io9: Gorgeous Unused Gravity Posters Almost Represent The Movie TOO Well http://t.co/xtON6kHqxv http://t.co/Lv8ec2zCOb
,,,Watch Gravity Full HD Movie Streaming Now => http://t.co/C2O8QM1isv #Stream #Online #Full
,,,"RT @2getaticket: #WIN!! #GRAVITY the movie in our #DVD GIVEAWAY. Follow @2getaticket.RETWEET, Like & Share on http://t.co/1xoqMio3cC"
,,,My unsolicited movie recommendation: skip Gravity. Rent Europa Report instead.
,,,Just watched gravity and that movie was trash!!
,,,"I fucking hate the movie gravity, she's just floating around in space, falls to the fucking ground and it ends"
,,,Best science fiction movie ever.....:) ‚Äî watching Gravity
,,,This movie gravity is giving me really bad anxiety üò£
,,,The movie Gravity is intense
,,,This movie gravity is lowkey kind of scary
,,,Gravity better be a good movie!
,,,Watching Gravity Holy Shit This Movie Make's It Look Really Scary Up In Space!
,,,Does anyone know if that movie Gravity was good? I'm about to get it on xbox.
,,,Oh man gravity is kinda crazy and looks trippy. Ha. But awesome movie. #thumbsup #SandraBullock #goodmovie #space #sohigh
,,,"Now I see why Gravity won an Oscar, great movie!"
,,,Watching Gravity. This entire movie is one of my biggest fears even though there's no way this would ever happen to me üò•
,,,"RT @nerdlunch: How many months old is that Gravity movie? It's gotta be time for Hollywood to remake that, right?"
,,,Watching Gravity with @EthanMyers2 stoked for this movie.
,,,Gorgeous Unused Gravity Posters Almost Represent The Movie TOO Well http://t.co/9t1tWAiwIs
,,,Watching Gravity before I go to bed. This movie better be good.
,,,"RT @nerdlunch: How many months old is that Gravity movie? It's gotta be time for Hollywood to remake that, right?"
,,,"RT @nerdlunch: How many months old is that Gravity movie? It's gotta be time for Hollywood to remake that, right?"
,,,Bout to watch GravityüòÉ I heard it's a great movie & I finally get to see it!!!
,,,"How many months old is that Gravity movie? It's gotta be time for Hollywood to remake that, right?"
,,,Is Gravity a good movie?
,,,Gorgeous Unused Gravity Posters Almost Represent The Movie TOO Well http://t.co/AwEOvcRCcK
,,,I'm giving away: 11x17 Gravity Movie Poster. Check it out - http://t.co/kFGJcBg0LO #listia
,,,Don't watch the movie Gravity
,,,The movie Gravity is intense
,,,"RT @2getaticket: WIN!! #GRAVITY the movie. #OSCAR DVD GIVEAWAY. Follow @2getaticket RETWEET, Like &Share on. http://t.co/1xoqMio3cC http://‚Ä¶"
,,,i just watched gravity it was legit the most stressful movie ive ever watched but DANG was it good
,,,"RT @austinmolt: Let's just say you'll wanna be at Gravity tonight! Giving away movie tickets tonight, have awesome‚Ä¶ http://t.co/Q5ytL5Y80i"
,,,Just watched Gravity. Probably the most intense movie I've ever seen. Never going into space.
,,,"George Clooney ""returning"" in Gravity was the biggest tease and depressing part in the entire movie #damn #it #movies"
,,,Its sight I seen it in the movies RT @_dimeeexo: Finally watching Gravity üò´ me and Staje was beastin this movie üòÇ
,,,Gravity was such a good movie
,,,Last time I went to a movie was to see Gravity with Cass and Bells.
,,,"RT @2getaticket: #WIN!! #GRAVITY the movie in our #DVD GIVEAWAY. Follow @2getaticket.RETWEET, Like & Share on http://t.co/1xoqMio3cC"
,,,I wonder if #gravity is John mayers favorite movie ?
,,,Is it just me or was Sandra bullock having multiple orgazms in the movie #gravity
,,,I just tweeted about gravity . Reminds me of the movie gravity .
,,,RT @MDTEDCO: Seen the movie #Gravity? A Lot of the tools in the backdrop were designed & developed by Genesis Engineering in #Maryland
,,,RT @ZakkyFaith: Gravity literally looks like the most boring movie ever. I don't get the hype.
,,,@dear_gravity Cause it takes you 11 days? (BTW...I've never seen the movie so if my comment doesn't make sense i'm sorry!)
,,,"@dear_gravity WTF is it about? All the commercials for the movie say are ""the next hunger games"" certainly there're more to it."
,,,"Let's just say you'll wanna be at Gravity tonight! Giving away movie tickets tonight, have awesome‚Ä¶ http://t.co/Q5ytL5Y80i"
,,,"Haven't seen a good movie in a while. Might pick up Gravity tomorrow, looks so good, if not just for Sandra Bullock."
,,,Gravity was a good movie!
,,,"This movie, Gravity, is not my fave. It's way too intense for me"
,,,Finally watching Gravity üò´ me and Staje was beastin this movie üòÇ
,,,K this gravity movie blowsssss
,,,Gravity is by far the best movie ever made with the best picture
,,,Gravity literally looks like the most boring movie ever. I don't get the hype.
,,,RT @White_Wanderer: yes we constructed theater seating last night. Movie night with my batches! #gravity @ Fort Sandusky http://t.co/9h7vRh‚Ä¶
,,,The movie Gravity takes place in space where there is no gravity...Am I missing something?
,,,Currently watching Gravity aka worst movie of my life
,,,@tiffanized That movie Gravity--the trailer freaked me out so much I knew I could never see it.
,,,some nice ones here - rejected Gravity movie posters >> http://t.co/f8GDuuiGMn
,,,"*Kurt, Mercedes, &Rachel singing defying gravity on #glee100* Grandma: is that a song from that movie gravity? Me: no, grandma, no it is not"
,,,Watching gravity with my mom... Such a cool movie #wow
,,,RT @io9: Gorgeous Unused Gravity Posters Almost Represent The Movie TOO Well http://t.co/xtON6kHqxv http://t.co/Lv8ec2zCOb
,,,My dad on the movie Gravity: It's about Sandra Ballsack and the weight stuff that makes stuff orbit.
,,,am i the only one who didnt like the Gravity movie or?
,,,"WIN!! #GRAVITY the movie. #OSCAR DVD GIVEAWAY. Follow @2getaticket RETWEET, Like &Share on. http://t.co/dB9fjwdumm http://t.co/rxvFegpA4b"
,,,"Saw #Gravity just now, good movie, but why call a it gravity when it only represents 2% of the movie? Should've called it #RyanHasAlotaLuck"
,,,Is Gravity really a good movie? It has good ratings.
,,,"RT @2getaticket: WIN!! #GRAVITY the movie. #OSCAR DVD GIVEAWAY. Follow @2getaticket RETWEET, Like & Share on. http://t.co/1xoqMio3cC"
,,,"My sister while watching the movie ""Gravity"" ""Did they go to space to film this"" #smh"
,,,Gorgeous Unused Gravity Posters Almost Represent The Movie Too Well: Alfonso Cuaron's Gravity was an insane t... http://t.co/CrukIcTp1W
,,,Gorgeous Unused Gravity Posters Almost Represent The Movie Too Well: Alfonso Cuaron's Gravity was an insane t... http://t.co/0Dex5YTTnm
,,,Video: readontheinternet: neil degrasse tyson talks about the movie ‚Äògravity‚Äô http://t.co/krj6BXUjMb
,,,"RT @2getaticket: WIN!! #GRAVITY the movie. #OSCAR DVD GIVEAWAY. Follow @2getaticket RETWEET, Like &Share on. http://t.co/1xoqMio3cC http://‚Ä¶"
,,,"In case you missed it earlier, here is our review of Gravity http://t.co/NnPMG3f7hE"
,,,"I must admit, I thought Gravity was a pretty amazing movie. Colour me impressed!"
,,,RT @io9: Gorgeous Unused Gravity Posters Almost Represent The Movie TOO Well http://t.co/xtON6kHqxv http://t.co/Lv8ec2zCOb
,,,RT @io9: Gorgeous Unused Gravity Posters Almost Represent The Movie TOO Well http://t.co/xtON6kHqxv http://t.co/Lv8ec2zCOb
,,,"RT @2getaticket: WIN!! #GRAVITY the movie. #OSCAR DVD GIVEAWAY. Follow @2getaticket RETWEET, Like &Share on. http://t.co/9VOQPM6orZ"
,,,Gorgeous Unused Gravity Posters Almost Represent The Movie Too Well http://t.co/Xfur1gcDIa http://t.co/iG1njWnrEs
